Ageing Time,C4
0,88.6
0.224089636,88.40952381
0.448179272,88.21904762
0.672268908,88.02857143
0.896358543,87.83809524
1.120448179,87.64761905
1.344537815,87.45714286
1.568627451,87.26666667
1.792717087,87.07619048
2.016806723,86.89621849
2.240896359,86.84579832
2.464985994,86.79537815
2.68907563,86.74495798
2.913165266,86.69453782
3.137254902,86.64411765
3.361344538,86.59369748
3.585434174,86.54327731
3.80952381,86.49285714
4.033613445,86.44243697
4.257703081,86.39201681
4.481792717,86.34159664
4.705882353,86.29117647
4.929971989,86.2407563
5.154061625,86.19033613
5.378151261,86.13991597
5.602240896,86.0894958
5.826330532,86.03907563
6.050420168,85.99558824
6.274509804,85.97598039
6.49859944,85.95637255
6.722689076,85.93676471
6.946778711,85.91715686
7.170868347,85.89754902
7.394957983,85.87794118
7.619047619,85.85833333
7.843137255,85.83872549
8.067226891,85.81911765
8.291316527,85.7995098
8.515406162,85.77990196
8.739495798,85.76029412
8.963585434,85.74068627
9.18767507,85.72107843
9.411764706,85.70147059
9.635854342,85.68186275
9.859943978,85.6622549
10.08403361,85.64264706
10.30812325,85.62303922
10.53221289,85.60343137
10.75630252,85.58382353
10.98039216,85.56421569
11.20448179,85.54460784
11.42857143,85.525
11.65266106,85.50539216
11.8767507,85.48578431
12.10084034,85.46617647
12.32492997,85.44656863
12.54901961,85.42696078
12.77310924,85.40735294
12.99719888,85.3877451
13.22128852,85.36813725
13.44537815,85.34852941
13.66946779,85.32892157
13.89355742,85.30931373
14.11764706,85.28529412
14.34173669,85.25728291
14.56582633,85.22927171
14.78991597,85.2012605
15.0140056,85.1732493
15.23809524,85.1452381
15.46218487,85.11722689
15.68627451,85.08921569
15.91036415,85.06120448
16.13445378,85.03319328
16.35854342,85.00518207
16.58263305,84.97717087
16.80672269,84.94915966
17.03081232,84.92114846
17.25490196,84.89313725
17.4789916,84.86512605
17.70308123,84.83711485
17.92717087,84.80910364
18.1512605,84.78109244
18.37535014,84.75308123
18.59943978,84.72507003
18.82352941,84.69705882
19.04761905,84.66904762
19.27170868,84.64103641
19.49579832,84.61302521
19.71988796,84.58501401
19.94397759,84.5570028
20.16806723,84.5289916
20.39215686,84.50098039
20.6162465,84.47296919
20.84033613,84.44495798
21.06442577,84.41694678
21.28851541,84.38893557
21.51260504,84.36092437
21.73669468,84.33291317
21.96078431,84.30490196
22.18487395,84.27920168
22.40896359,84.2539916
22.63305322,84.22878151
22.85714286,84.20357143
23.08123249,84.17836134
23.30532213,84.15315126
23.52941176,84.12794118
23.7535014,84.10273109
23.97759104,84.07752101
24.20168067,84.05231092
24.42577031,84.02710084
24.64985994,84.00189076
24.87394958,83.97668067
25.09803922,83.95147059
25.32212885,83.9262605
25.54621849,83.90105042
25.77030812,83.87584034
25.99439776,83.85063025
26.21848739,83.82542017
26.44257703,83.80021008
26.66666667,83.775
26.8907563,83.74978992
27.11484594,83.72457983
27.33893557,83.69936975
27.56302521,83.67415966
27.78711485,83.64894958
28.01120448,83.6237395
28.23529412,83.59852941
28.45938375,83.57331933
28.68347339,83.54810924
28.90756303,83.52289916
29.13165266,83.49768908
29.3557423,83.47247899
29.57983193,83.44726891
29.80392157,83.42205882
30.0280112,83.39807423
30.25210084,83.38266807
30.47619048,83.3672619
30.70028011,83.35185574
30.92436975,83.33644958
31.14845938,83.32104342
31.37254902,83.30563725
31.59663866,83.29023109
31.82072829,83.27482493
32.04481793,83.25941877
32.26890756,83.24401261
32.4929972,83.22860644
32.71708683,83.21320028
32.94117647,83.19779412
33.16526611,83.18238796
33.38935574,83.16698179
33.61344538,83.15157563
33.83753501,83.13616947
34.06162465,83.12076331
34.28571429,83.10535714
34.50980392,83.08995098
34.73389356,83.07454482
34.95798319,83.05913866
35.18207283,83.04373249
35.40616246,83.02832633
35.6302521,83.01292017
35.85434174,82.99751401
36.07843137,82.98210784
36.30252101,82.96670168
36.52661064,82.95129552
36.75070028,82.93588936
36.97478992,82.92048319
37.19887955,82.90507703
37.42296919,82.88967087
37.64705882,82.87426471
37.87114846,82.85885854
38.0952381,82.84345238
38.31932773,82.82804622
38.54341737,82.81264006
38.767507,82.79723389
38.99159664,82.78182773
39.21568627,82.76642157
39.43977591,82.75101541
39.66386555,82.73560924
39.88795518,82.72020308
40.11204482,82.70479692
40.33613445,82.68939076
40.56022409,82.67398459
40.78431373,82.65857843
41.00840336,82.64317227
41.232493,82.62776611
41.45658263,82.61235994
41.68067227,82.59695378
41.9047619,82.58154762
42.12885154,82.56614146
42.35294118,82.55073529
42.57703081,82.53532913
42.80112045,82.51992297
43.02521008,82.50451681
43.24929972,82.48911064
43.47338936,82.47370448
43.69747899,82.45829832
43.92156863,82.44289216
44.14565826,82.42748599
44.3697479,82.41207983
44.59383754,82.39667367
44.81792717,82.38126751
45.04201681,82.36586134
45.26610644,82.35045518
45.49019608,82.33504902
45.71428571,82.31964286
45.93837535,82.30423669
46.16246499,82.28849206
46.38655462,82.27261905
46.61064426,82.25674603
46.83473389,82.24087302
47.05882353,82.225
47.28291317,82.20912698
47.5070028,82.19325397
47.73109244,82.17738095
47.95518207,82.16150794
48.17927171,82.14563492
48.40336134,82.1297619
48.62745098,82.11388889
48.85154062,82.09801587
49.07563025,82.08214286
49.29971989,82.06626984
49.52380952,82.05039683
49.74789916,82.03452381
49.9719888,82.01865079
50.19607843,82.00277778
50.42016807,81.98690476
50.6442577,81.97103175
50.86834734,81.95515873
51.09243697,81.93928571
51.31652661,81.9234127
51.54061625,81.90753968
51.76470588,81.89166667
51.98879552,81.87579365
52.21288515,81.85992063
52.43697479,81.84404762
52.66106443,81.8281746
52.88515406,81.81230159
53.1092437,81.79642857
53.33333333,81.78055556
53.55742297,81.76468254
53.78151261,81.74880952
54.00560224,81.73293651
54.22969188,81.71706349
54.45378151,81.70119048
54.67787115,81.68531746
54.90196078,81.66944444
55.12605042,81.65357143
55.35014006,81.63769841
55.57422969,81.6218254
55.79831933,81.60595238
56.02240896,81.59007937
56.2464986,81.57420635
56.47058824,81.55833333
56.69467787,81.54246032
56.91876751,81.5265873
57.14285714,81.51071429
57.36694678,81.49484127
57.59103641,81.47896825
57.81512605,81.46309524
58.03921569,81.44722222
58.26330532,81.43134921
58.48739496,81.41547619
58.71148459,81.39960317
58.93557423,81.38373016
59.15966387,81.36785714
59.3837535,81.35198413
59.60784314,81.33611111
59.83193277,81.3202381
60.05602241,81.30436508
60.28011204,81.28849206
60.50420168,81.27261905
60.72829132,81.25674603
60.95238095,81.24087302
61.17647059,81.225
61.40056022,81.20912698
61.62464986,81.19325397
61.8487395,81.17738095
62.07282913,81.16150794
62.29691877,81.14563492
62.5210084,81.1297619
62.74509804,81.11388889
62.96918768,81.09801587
63.19327731,81.08214286
63.41736695,81.06626984
63.64145658,81.05039683
63.86554622,81.03452381
64.08963585,81.01865079
64.31372549,81.00277778
64.53781513,80.98690476
64.76190476,80.97103175
64.9859944,80.95515873
65.21008403,80.93928571
65.43417367,80.9234127
65.65826331,80.90753968
65.88235294,80.89166667
66.10644258,80.87579365
66.33053221,80.85992063
66.55462185,80.84404762
66.77871148,80.8281746
67.00280112,80.81230159
67.22689076,80.79642857
67.45098039,80.78055556
67.67507003,80.76468254
67.89915966,80.74880952
68.1232493,80.73293651
68.34733894,80.71706349
68.57142857,80.70119048
68.79551821,80.68531746
69.01960784,80.66944444
69.24369748,80.65357143
69.46778711,80.63769841
69.69187675,80.6218254
69.91596639,80.60595238
70.14005602,80.59358077
70.36414566,80.58330999
70.58823529,80.57303922
70.81232493,80.56276844
71.03641457,80.55249767
71.2605042,80.54222689
71.48459384,80.53195612
71.70868347,80.52168534
71.93277311,80.51141457
72.15686275,80.50114379
72.38095238,80.49087302
72.60504202,80.48060224
72.82913165,80.47033147
73.05322129,80.46006069
73.27731092,80.44978992
73.50140056,80.43951914
73.7254902,80.42924837
73.94957983,80.41897759
74.17366947,80.40870682
74.3977591,80.39843604
74.62184874,80.38816527
74.84593838,80.37789449
75.07002801,80.36762372
75.29411765,80.35735294
75.51820728,80.34708217
75.74229692,80.33681139
75.96638655,80.32654062
76.19047619,80.31626984
76.41456583,80.30599907
76.63865546,80.29572829
76.8627451,80.28545752
77.08683473,80.27518674
77.31092437,80.26491597
77.53501401,80.25464519
77.75910364,80.24437442
77.98319328,80.23410364
78.20728291,80.22383287
78.43137255,80.21356209
78.65546218,80.20329132
78.87955182,80.19302054
79.10364146,80.18274977
79.32773109,80.17247899
79.55182073,80.16220822
79.77591036,80.15193744
80,80.14166667
80.22408964,80.13139589
80.44817927,80.12112512
80.67226891,80.11085434
80.89635854,80.10058357
81.12044818,80.09031279
81.34453782,80.08004202
81.56862745,80.06977124
81.79271709,80.05950047
82.01680672,80.04922969
82.24089636,80.03895892
82.46498599,80.02868814
82.68907563,80.01841737
82.91316527,80.00814659
83.1372549,79.99787582
83.36134454,79.98760504
83.58543417,79.97733427
83.80952381,79.96706349
84.03361345,79.95679272
84.25770308,79.94652194
84.48179272,79.93625117
84.70588235,79.92598039
84.92997199,79.91570962
85.15406162,79.90543884
85.37815126,79.89516807
85.6022409,79.88489729
85.82633053,79.87462652
86.05042017,79.86435574
86.2745098,79.85408497
86.49859944,79.84381419
86.72268908,79.83354342
86.94677871,79.82327264
87.17086835,79.81300187
87.39495798,79.80273109
87.61904762,79.79246032
87.84313725,79.78218954
88.06722689,79.77191877
88.29131653,79.76164799
88.51540616,79.75137722
88.7394958,79.74110644
88.96358543,79.73083567
89.18767507,79.72056489
89.41176471,79.71029412
89.63585434,79.70002334
89.85994398,79.68975257
90.08403361,79.67948179
90.30812325,79.66921102
90.53221289,79.65894024
90.75630252,79.64866947
90.98039216,79.63839869
91.20448179,79.62812792
91.42857143,79.61785714
91.65266106,79.60758637
91.8767507,79.59731559
92.10084034,79.58704482
92.32492997,79.57677404
92.54901961,79.56650327
92.77310924,79.55623249
92.99719888,79.54596172
93.22128852,79.53569094
93.44537815,79.52542017
93.66946779,79.51514939
93.89355742,79.50487862
94.11764706,79.4872549
94.34173669,79.46297852
94.56582633,79.43870215
94.78991597,79.41442577
95.0140056,79.39014939
95.23809524,79.36587302
95.46218487,79.34159664
95.68627451,79.31732026
95.91036415,79.29304388
96.13445378,79.26876751
96.35854342,79.24449113
96.58263305,79.22021475
96.80672269,79.19593838
97.03081232,79.171662
97.25490196,79.14738562
97.4789916,79.12310924
97.70308123,79.09883287
97.92717087,79.07455649
98.1512605,79.05028011
98.37535014,79.02600373
98.59943978,79.00172736
98.82352941,78.97745098
99.04761905,78.9531746
99.27170868,78.92889823
99.49579832,78.90462185
99.71988796,78.88034547
99.94397759,78.85606909
100.1680672,78.83179272
100.3921569,78.80751634
100.6162465,78.78323996
100.8403361,78.75896359
101.0644258,78.73468721
101.2885154,78.71041083
101.512605,78.68613445
101.7366947,78.66185808
101.9607843,78.6375817
102.1848739,78.61330532
102.4089636,78.58902894
102.6330532,78.56475257
102.8571429,78.54047619
103.0812325,78.51619981
103.3053221,78.49192344
103.5294118,78.46764706
103.7535014,78.44337068
103.977591,78.4190943
104.2016807,78.39481793
104.4257703,78.37054155
104.6498599,78.34626517
104.8739496,78.3219888
105.0980392,78.29771242
105.3221289,78.27343604
105.5462185,78.24915966
105.7703081,78.22488329
105.9943978,78.20060691
106.2184874,78.17633053
106.442577,78.15205415
106.6666667,78.12777778
106.8907563,78.1035014
107.1148459,78.07922502
107.3389356,78.05494865
107.5630252,78.03067227
107.7871148,78.00639589
108.0112045,77.98211951
108.2352941,77.95784314
108.4593838,77.93356676
108.6834734,77.90929038
108.907563,77.88501401
109.1316527,77.86073763
109.3557423,77.83646125
109.5798319,77.81218487
109.8039216,77.7879085
110.0280112,77.76363212
110.2521008,77.73935574
110.4761905,77.71507937
110.7002801,77.69080299
110.9243697,77.66652661
111.1484594,77.64225023
111.372549,77.61797386
111.5966387,77.59369748
111.8207283,77.5694211
112.0448179,77.54514472
112.2689076,77.52086835
112.4929972,77.49659197
112.7170868,77.47231559
112.9411765,77.44803922
113.1652661,77.42376284
113.3893557,77.39948646
113.6134454,77.37521008
113.837535,77.35093371
114.0616246,77.32665733
114.2857143,77.30238095
114.5098039,77.27810458
114.7338936,77.2538282
114.9579832,77.22955182
115.1820728,77.20527544
115.4061625,77.18099907
115.6302521,77.15672269
115.8543417,77.13244631
116.0784314,77.10816993
116.302521,77.08389356
116.5266106,77.05961718
116.7507003,77.0353408
116.9747899,77.01106443
117.1988796,76.98678805
117.4229692,76.96251167
117.6470588,76.93823529
117.8711485,76.91395892
118.0952381,76.89880952
118.3193277,76.8960084
118.5434174,76.89320728
118.767507,76.89040616
118.9915966,76.88760504
119.2156863,76.88480392
119.4397759,76.8820028
119.6638655,76.87920168
119.8879552,76.87640056
120.1120448,76.87359944
120.3361345,76.87079832
120.5602241,76.8679972
120.7843137,76.86519608
121.0084034,76.86239496
121.232493,76.85959384
121.4565826,76.85679272
121.6806723,76.8539916
121.9047619,76.85119048
122.1288515,76.84838936
122.3529412,76.84558824
122.5770308,76.84278711
122.8011204,76.83998599
123.0252101,76.83718487
123.2492997,76.83438375
123.4733894,76.83158263
123.697479,76.82878151
123.9215686,76.82598039
124.1456583,76.82317927
124.3697479,76.82037815
124.5938375,76.81757703
124.8179272,76.81477591
125.0420168,76.81197479
125.2661064,76.80917367
125.4901961,76.80637255
125.7142857,76.80357143
125.9383754,76.80077031
126.162465,76.79796919
126.3865546,76.79516807
126.6106443,76.79236695
126.8347339,76.78956583
127.0588235,76.78676471
127.2829132,76.78396359
127.5070028,76.78116246
127.7310924,76.77836134
127.9551821,76.77556022
128.1792717,76.7727591
128.4033613,76.76995798
128.627451,76.76715686
128.8515406,76.76435574
129.0756303,76.76155462
129.2997199,76.7587535
129.5238095,76.75595238
129.7478992,76.75315126
129.9719888,76.75035014
130.1960784,76.74754902
130.4201681,76.7447479
130.6442577,76.74194678
130.8683473,76.73914566
131.092437,76.73634454
131.3165266,76.73354342
131.5406162,76.7307423
131.7647059,76.72794118
131.9887955,76.72514006
132.2128852,76.72233894
132.4369748,76.71953782
132.6610644,76.71673669
132.8851541,76.71393557
133.1092437,76.71113445
133.3333333,76.70833333
133.557423,76.70553221
133.7815126,76.70273109
134.0056022,76.69992997
134.2296919,76.69712885
134.4537815,76.69432773
134.6778711,76.69152661
134.9019608,76.68872549
135.1260504,76.68592437
135.3501401,76.68312325
135.5742297,76.68032213
135.7983193,76.67752101
136.022409,76.67471989
136.2464986,76.67191877
136.4705882,76.66911765
136.6946779,76.66631653
136.9187675,76.66351541
137.1428571,76.66071429
137.3669468,76.65791317
137.5910364,76.65511204
137.8151261,76.65231092
138.0392157,76.6495098
138.2633053,76.64670868
138.487395,76.64390756
138.7114846,76.64110644
138.9355742,76.63830532
139.1596639,76.6355042
139.3837535,76.63270308
139.6078431,76.62990196
139.8319328,76.62710084
140.0560224,76.62429972
140.280112,76.6214986
140.5042017,76.61869748
140.7282913,76.61589636
140.952381,76.61309524
141.1764706,76.61029412
141.4005602,76.607493
141.6246499,76.60469188
141.8487395,76.60189076
142.0728291,76.59514472
142.2969188,76.58020542
142.5210084,76.56526611
142.745098,76.5503268
142.9691877,76.53538749
143.1932773,76.52044818
143.4173669,76.50550887
143.6414566,76.49056956
143.8655462,76.47563025
144.0896359,76.46069094
144.3137255,76.44575163
144.5378151,76.43081232
144.7619048,76.41587302
144.9859944,76.40093371
145.210084,76.3859944
145.4341737,76.37105509
145.6582633,76.35611578
145.8823529,76.34117647
146.1064426,76.32623716
146.3305322,76.31129785
146.5546218,76.29635854
146.7787115,76.28141923
147.0028011,76.26647993
147.2268908,76.25154062
147.4509804,76.23660131
147.67507,76.221662
147.8991597,76.20672269
148.1232493,76.19178338
148.3473389,76.17684407
148.5714286,76.16190476
148.7955182,76.14696545
149.0196078,76.13202614
149.2436975,76.11708683
149.4677871,76.10214753
149.6918768,76.08720822
149.9159664,76.07226891
150.140056,76.0573296
150.3641457,76.04239029
150.5882353,76.02745098
150.8123249,76.01251167
151.0364146,75.99757236
151.2605042,75.98263305
151.4845938,75.96769374
151.7086835,75.95275444
151.9327731,75.93781513
152.1568627,75.92287582
152.3809524,75.90793651
152.605042,75.8929972
152.8291317,75.87805789
153.0532213,75.86311858
153.2773109,75.84817927
153.5014006,75.83323996
153.7254902,75.81830065
153.9495798,75.80336134
154.1736695,75.78842204
154.3977591,75.77348273
154.6218487,75.75854342
154.8459384,75.74360411
155.070028,75.7286648
155.2941176,75.71372549
155.5182073,75.69878618
155.7422969,75.68384687
155.9663866,75.66890756
156.1904762,75.65396825
156.4145658,75.63902894
156.6386555,75.62408964
156.8627451,75.60915033
157.0868347,75.59421102
157.3109244,75.57927171
157.535014,75.5643324
157.7591036,75.54939309
157.9831933,75.53445378
158.2072829,75.51951447
158.4313725,75.50457516
158.6554622,75.48963585
158.8795518,75.47469655
159.1036415,75.45975724
159.3277311,75.44481793
159.5518207,75.42987862
159.7759104,75.41493931
160,75.4
160.2240896,75.38506069
160.4481793,75.37012138
160.6722689,75.35518207
160.8963585,75.34024276
161.1204482,75.32530345
161.3445378,75.31036415
161.5686275,75.29542484
161.7927171,75.28048553
162.0168067,75.26554622
162.2408964,75.25060691
162.464986,75.2356676
162.6890756,75.22072829
162.9131653,75.20578898
163.1372549,75.19084967
163.3613445,75.17591036
163.5854342,75.16097106
163.8095238,75.14603175
164.0336134,75.13109244
164.2577031,75.11615313
164.4817927,75.10121382
164.7058824,75.08627451
164.929972,75.0713352
165.1540616,75.05639589
165.3781513,75.04145658
165.6022409,75.02651727
165.8263305,75.01157796
166.0504202,74.99789916
166.2745098,74.98856209
166.4985994,74.97922502
166.7226891,74.96988796
166.9467787,74.96055089
167.1708683,74.95121382
167.394958,74.94187675
167.6190476,74.93253968
167.8431373,74.92320261
168.0672269,74.91386555
168.2913165,74.90452848
168.5154062,74.89519141
168.7394958,74.88585434
168.9635854,74.87651727
169.1876751,74.86718021
169.4117647,74.85784314
169.6358543,74.84850607
169.859944,74.839169
170.0840336,74.82983193
170.3081232,74.82049486
170.5322129,74.8111578
170.7563025,74.80182073
170.9803922,74.79248366
171.2044818,74.78314659
171.4285714,74.77380952
171.6526611,74.76447246
171.8767507,74.75513539
172.1008403,74.74579832
172.32493,74.73646125
172.5490196,74.72712418
172.7731092,74.71778711
172.9971989,74.70845005
173.2212885,74.69911298
173.4453782,74.68977591
173.6694678,74.68043884
173.8935574,74.67110177
174.1176471,74.66176471
174.3417367,74.65242764
174.5658263,74.64309057
174.789916,74.6337535
175.0140056,74.62441643
175.2380952,74.61507937
175.4621849,74.6057423
175.6862745,74.59640523
175.9103641,74.58706816
176.1344538,74.57773109
176.3585434,74.56839402
176.5826331,74.55905696
176.8067227,74.54971989
177.0308123,74.54038282
177.254902,74.53104575
177.4789916,74.52170868
177.7030812,74.51237162
177.9271709,74.50303455
178.1512605,74.49369748
178.3753501,74.48436041
178.5994398,74.47502334
178.8235294,74.46568627
179.047619,74.45634921
179.2717087,74.44701214
179.4957983,74.43767507
179.719888,74.428338
179.9439776,74.41900093
180.1680672,74.40966387
180.3921569,74.4003268
180.6162465,74.39098973
180.8403361,74.38165266
181.0644258,74.37231559
181.2885154,74.36297852
181.512605,74.35364146
181.7366947,74.34430439
181.9607843,74.33496732
182.1848739,74.32563025
182.4089636,74.31629318
182.6330532,74.30695612
182.8571429,74.29761905
183.0812325,74.28828198
183.3053221,74.27894491
183.5294118,74.26960784
183.7535014,74.26027077
183.977591,74.25093371
184.2016807,74.24159664
184.4257703,74.23225957
184.6498599,74.2229225
184.8739496,74.21358543
185.0980392,74.20424837
185.3221289,74.1949113
185.5462185,74.18557423
185.7703081,74.17623716
185.9943978,74.16690009
186.2184874,74.15756303
186.442577,74.14822596
186.6666667,74.13888889
186.8907563,74.12955182
187.1148459,74.12021475
187.3389356,74.11087768
187.5630252,74.10154062
187.7871148,74.09220355
188.0112045,74.08286648
188.2352941,74.07352941
188.4593838,74.06419234
188.6834734,74.05485528
188.907563,74.04551821
189.1316527,74.03618114
189.3557423,74.02684407
189.5798319,74.017507
189.8039216,74.00816993
190.0280112,73.9982493
190.2521008,73.9842437
190.4761905,73.9702381
190.7002801,73.95623249
190.9243697,73.94222689
191.1484594,73.92822129
191.372549,73.91421569
191.5966387,73.90021008
191.8207283,73.88620448
192.0448179,73.87219888
192.2689076,73.85819328
192.4929972,73.84418768
192.7170868,73.83018207
192.9411765,73.81617647
193.1652661,73.80217087
193.3893557,73.78816527
193.6134454,73.77415966
193.837535,73.76015406
194.0616246,73.74614846
194.2857143,73.73214286
194.5098039,73.71813725
194.7338936,73.70413165
194.9579832,73.69012605
195.1820728,73.67612045
195.4061625,73.66211485
195.6302521,73.64810924
195.8543417,73.63410364
196.0784314,73.62009804
196.302521,73.60609244
196.5266106,73.59208683
196.7507003,73.57808123
196.9747899,73.56407563
197.1988796,73.55007003
197.4229692,73.53606443
197.6470588,73.52205882
197.8711485,73.50805322
198.0952381,73.49404762
198.3193277,73.48004202
198.5434174,73.46603641
198.767507,73.45203081
198.9915966,73.43802521
199.2156863,73.42401961
199.4397759,73.41001401
199.6638655,73.3960084
199.8879552,73.3820028
200.1120448,73.3679972
200.3361345,73.3539916
200.5602241,73.33998599
200.7843137,73.32598039
201.0084034,73.31197479
201.232493,73.29796919
201.4565826,73.28396359
201.6806723,73.26995798
201.9047619,73.25595238
202.1288515,73.24194678
202.3529412,73.22794118
202.5770308,73.21393557
202.8011204,73.19992997
203.0252101,73.18592437
203.2492997,73.17191877
203.4733894,73.15791317
203.697479,73.14390756
203.9215686,73.12990196
204.1456583,73.11589636
204.3697479,73.10189076
204.5938375,73.08788515
204.8179272,73.07387955
205.0420168,73.05987395
205.2661064,73.04586835
205.4901961,73.03186275
205.7142857,73.01785714
205.9383754,73.00385154
206.162465,72.98984594
206.3865546,72.97584034
206.6106443,72.96183473
206.8347339,72.94782913
207.0588235,72.93382353
207.2829132,72.91981793
207.5070028,72.90581232
207.7310924,72.89180672
207.9551821,72.87780112
208.1792717,72.86379552
208.4033613,72.84978992
208.627451,72.83578431
208.8515406,72.82177871
209.0756303,72.80777311
209.2997199,72.79376751
209.5238095,72.7797619
209.7478992,72.7657563
209.9719888,72.7517507
210.1960784,72.7377451
210.4201681,72.7237395
210.6442577,72.70973389
210.8683473,72.69572829
211.092437,72.68172269
211.3165266,72.66771709
211.5406162,72.65371148
211.7647059,72.63970588
211.9887955,72.62570028
212.2128852,72.61169468
212.4369748,72.59768908
212.6610644,72.58368347
212.8851541,72.56967787
213.1092437,72.55567227
213.3333333,72.54166667
213.557423,72.52766106
213.7815126,72.51365546
214.0056022,72.49957983
214.2296919,72.48277311
214.4537815,72.46596639
214.6778711,72.44915966
214.9019608,72.43235294
215.1260504,72.41554622
215.3501401,72.3987395
215.5742297,72.38193277
215.7983193,72.36512605
216.022409,72.34831933
216.2464986,72.33151261
216.4705882,72.31470588
216.6946779,72.29789916
216.9187675,72.28109244
217.1428571,72.26428571
217.3669468,72.24747899
217.5910364,72.23067227
217.8151261,72.21386555
218.0392157,72.19705882
218.2633053,72.1802521
218.487395,72.16344538
218.7114846,72.14663866
218.9355742,72.12983193
219.1596639,72.11302521
219.3837535,72.09621849
219.6078431,72.07941176
219.8319328,72.06260504
220.0560224,72.04579832
220.280112,72.0289916
220.5042017,72.01218487
220.7282913,71.99537815
220.952381,71.97857143
221.1764706,71.96176471
221.4005602,71.94495798
221.6246499,71.92815126
221.8487395,71.91134454
222.0728291,71.89453782
222.2969188,71.87773109
222.5210084,71.86092437
222.745098,71.84411765
222.9691877,71.82731092
223.1932773,71.8105042
223.4173669,71.79369748
223.6414566,71.77689076
223.8655462,71.76008403
224.0896359,71.74327731
224.3137255,71.72647059
224.5378151,71.70966387
224.7619048,71.69285714
224.9859944,71.67605042
225.210084,71.6592437
225.4341737,71.64243697
225.6582633,71.62563025
225.8823529,71.60882353
226.1064426,71.59201681
226.3305322,71.57521008
226.5546218,71.55840336
226.7787115,71.54159664
227.0028011,71.52478992
227.2268908,71.50798319
227.4509804,71.49117647
227.67507,71.47436975
227.8991597,71.45756303
228.1232493,71.4407563
228.3473389,71.42394958
228.5714286,71.40714286
228.7955182,71.39033613
229.0196078,71.37352941
229.2436975,71.35672269
229.4677871,71.33991597
229.6918768,71.32310924
229.9159664,71.30630252
230.140056,71.2894958
230.3641457,71.27268908
230.5882353,71.25588235
230.8123249,71.23907563
231.0364146,71.22226891
231.2605042,71.20546218
231.4845938,71.18865546
231.7086835,71.17184874
231.9327731,71.15504202
232.1568627,71.13823529
232.3809524,71.12142857
232.605042,71.10462185
232.8291317,71.08781513
233.0532213,71.0710084
233.2773109,71.05420168
233.5014006,71.03739496
233.7254902,71.02058824
233.9495798,71.00378151
234.1736695,70.98697479
234.3977591,70.97016807
234.6218487,70.95336134
234.8459384,70.93655462
235.070028,70.9197479
235.2941176,70.90294118
235.5182073,70.88613445
235.7422969,70.86932773
235.9663866,70.85252101
236.1904762,70.83571429
236.4145658,70.81890756
236.6386555,70.80210084
236.8627451,70.78529412
237.0868347,70.76848739
237.3109244,70.75168067
237.535014,70.73487395
237.7591036,70.71806723
237.9831933,70.7012605
238.2072829,70.69740896
238.4313725,70.69460784
238.6554622,70.69180672
238.8795518,70.6890056
239.1036415,70.68620448
239.3277311,70.68340336
239.5518207,70.68060224
239.7759104,70.67780112
240,70.675
240.2240896,70.67219888
240.4481793,70.66939776
240.6722689,70.66659664
240.8963585,70.66379552
241.1204482,70.6609944
241.3445378,70.65819328
241.5686275,70.65539216
241.7927171,70.65259104
242.0168067,70.64978992
242.2408964,70.6469888
242.464986,70.64418768
242.6890756,70.64138655
242.9131653,70.63858543
243.1372549,70.63578431
243.3613445,70.63298319
243.5854342,70.63018207
243.8095238,70.62738095
244.0336134,70.62457983
244.2577031,70.62177871
244.4817927,70.61897759
244.7058824,70.61617647
244.929972,70.61337535
245.1540616,70.61057423
245.3781513,70.60777311
245.6022409,70.60497199
245.8263305,70.60217087
246.0504202,70.59936975
246.2745098,70.59656863
246.4985994,70.59376751
246.7226891,70.59096639
246.9467787,70.58816527
247.1708683,70.58536415
247.394958,70.58256303
247.6190476,70.5797619
247.8431373,70.57696078
248.0672269,70.57415966
248.2913165,70.57135854
248.5154062,70.56855742
248.7394958,70.5657563
248.9635854,70.56295518
249.1876751,70.56015406
249.4117647,70.55735294
249.6358543,70.55455182
249.859944,70.5517507
250.0840336,70.54894958
250.3081232,70.54614846
250.5322129,70.54334734
250.7563025,70.54054622
250.9803922,70.5377451
251.2044818,70.53494398
251.4285714,70.53214286
251.6526611,70.52934174
251.8767507,70.52654062
252.1008403,70.5237395
252.32493,70.52093838
252.5490196,70.51813725
252.7731092,70.51533613
252.9971989,70.51253501
253.2212885,70.50973389
253.4453782,70.50693277
253.6694678,70.50413165
253.8935574,70.50133053
254.1176471,70.49852941
254.3417367,70.49572829
254.5658263,70.49292717
254.789916,70.49012605
255.0140056,70.48732493
255.2380952,70.48452381
255.4621849,70.48172269
255.6862745,70.47892157
255.9103641,70.47612045
256.1344538,70.47331933
256.3585434,70.47051821
256.5826331,70.46771709
256.8067227,70.46491597
257.0308123,70.46211485
257.254902,70.45931373
257.4789916,70.45651261
257.7030812,70.45371148
257.9271709,70.45091036
258.1512605,70.44810924
258.3753501,70.44530812
258.5994398,70.442507
258.8235294,70.43970588
259.047619,70.43690476
259.2717087,70.43410364
259.4957983,70.43130252
259.719888,70.4285014
259.9439776,70.42570028
260.1680672,70.42289916
260.3921569,70.42009804
260.6162465,70.41729692
260.8403361,70.4144958
261.0644258,70.41169468
261.2885154,70.40889356
261.512605,70.40609244
261.7366947,70.40329132
261.9607843,70.4004902
262.1848739,70.39768908
262.4089636,70.39488796
262.6330532,70.39208683
262.8571429,70.38928571
263.0812325,70.38648459
263.3053221,70.38368347
263.5294118,70.38088235
263.7535014,70.37808123
263.977591,70.37528011
264.2016807,70.37247899
264.4257703,70.36967787
264.6498599,70.36687675
264.8739496,70.36407563
265.0980392,70.36127451
265.3221289,70.35847339
265.5462185,70.35567227
265.7703081,70.35287115
265.9943978,70.35007003
266.2184874,70.34726891
266.442577,70.34446779
266.6666667,70.34166667
266.8907563,70.33886555
267.1148459,70.33606443
267.3389356,70.33326331
267.5630252,70.33046218
267.7871148,70.32766106
268.0112045,70.32485994
268.2352941,70.32205882
268.4593838,70.3192577
268.6834734,70.31645658
268.907563,70.31365546
269.1316527,70.31085434
269.3557423,70.30805322
269.5798319,70.3052521
269.8039216,70.30245098
270.0280112,70.29964986
270.2521008,70.29684874
270.4761905,70.29404762
270.7002801,70.2912465
270.9243697,70.28844538
271.1484594,70.28564426
271.372549,70.28284314
271.5966387,70.28004202
271.8207283,70.2772409
272.0448179,70.27443978
272.2689076,70.27163866
272.4929972,70.26883754
272.7170868,70.26603641
272.9411765,70.26323529
273.1652661,70.26043417
273.3893557,70.25763305
273.6134454,70.25483193
273.837535,70.25203081
274.0616246,70.24922969
274.2857143,70.24642857
274.5098039,70.24362745
274.7338936,70.24082633
274.9579832,70.23802521
275.1820728,70.23522409
275.4061625,70.23242297
275.6302521,70.22962185
275.8543417,70.22682073
276.0784314,70.22401961
276.302521,70.22121849
276.5266106,70.21841737
276.7507003,70.21561625
276.9747899,70.21281513
277.1988796,70.21001401
277.4229692,70.20721289
277.6470588,70.20441176
277.8711485,70.20161064
278.0952381,70.19880952
278.3193277,70.1960084
278.5434174,70.19320728
278.767507,70.19040616
278.9915966,70.18760504
279.2156863,70.18480392
279.4397759,70.1820028
279.6638655,70.17920168
279.8879552,70.17640056
280.1120448,70.17359944
280.3361345,70.17079832
280.5602241,70.1679972
280.7843137,70.16519608
281.0084034,70.16239496
281.232493,70.15959384
281.4565826,70.15679272
281.6806723,70.1539916
281.9047619,70.15119048
282.1288515,70.14838936
282.3529412,70.14558824
282.5770308,70.14278711
282.8011204,70.13998599
283.0252101,70.13718487
283.2492997,70.13438375
283.4733894,70.13158263
283.697479,70.12878151
283.9215686,70.12598039
284.1456583,70.12317927
284.3697479,70.12037815
284.5938375,70.11757703
284.8179272,70.11477591
285.0420168,70.11197479
285.2661064,70.10917367
285.4901961,70.10637255
285.7142857,70.10357143
285.9383754,70.10077031
286.162465,70.09796919
286.3865546,70.09516807
286.6106443,70.09236695
286.8347339,70.08956583
287.0588235,70.08676471
287.2829132,70.08396359
287.5070028,70.08116246
287.7310924,70.07836134
287.9551821,70.07556022
288.1792717,70.0727591
288.4033613,70.06995798
288.627451,70.06715686
288.8515406,70.06435574
289.0756303,70.06155462
289.2997199,70.0587535
289.5238095,70.05595238
289.7478992,70.05315126
289.9719888,70.05035014
290.1960784,70.04754902
290.4201681,70.0447479
290.6442577,70.04194678
290.8683473,70.03914566
291.092437,70.03634454
291.3165266,70.03354342
291.5406162,70.0307423
291.7647059,70.02794118
291.9887955,70.02514006
292.2128852,70.02233894
292.4369748,70.01953782
292.6610644,70.01673669
292.8851541,70.01393557
293.1092437,70.01113445
293.3333333,70.00833333
293.557423,70.00553221
293.7815126,70.00273109
294.0056022,69.99992997
294.2296919,69.99712885
294.4537815,69.99432773
294.6778711,69.99152661
294.9019608,69.98872549
295.1260504,69.98592437
295.3501401,69.98312325
295.5742297,69.98032213
295.7983193,69.97752101
296.022409,69.97471989
296.2464986,69.97191877
296.4705882,69.96911765
296.6946779,69.96631653
296.9187675,69.96351541
297.1428571,69.96071429
297.3669468,69.95791317
297.5910364,69.95511204
297.8151261,69.95231092
298.0392157,69.9495098
298.2633053,69.94670868
298.487395,69.94390756
298.7114846,69.94110644
298.9355742,69.93830532
299.1596639,69.9355042
299.3837535,69.93270308
299.6078431,69.92990196
299.8319328,69.92710084
300.0560224,69.92429972
300.280112,69.9214986
300.5042017,69.91869748
300.7282913,69.91589636
300.952381,69.91309524
301.1764706,69.91029412
301.4005602,69.907493
301.6246499,69.90469188
301.8487395,69.90189076
302.0728291,69.89908964
302.2969188,69.89628852
302.5210084,69.89348739
302.745098,69.89068627
302.9691877,69.88788515
303.1932773,69.88508403
303.4173669,69.88228291
303.6414566,69.87948179
303.8655462,69.87668067
304.0896359,69.87387955
304.3137255,69.87107843
304.5378151,69.86827731
304.7619048,69.86547619
304.9859944,69.86267507
305.210084,69.85987395
305.4341737,69.85707283
305.6582633,69.85427171
305.8823529,69.85147059
306.1064426,69.84866947
306.3305322,69.84586835
306.5546218,69.84306723
306.7787115,69.84026611
307.0028011,69.83746499
307.2268908,69.83466387
307.4509804,69.83186275
307.67507,69.82906162
307.8991597,69.8262605
308.1232493,69.82345938
308.3473389,69.82065826
308.5714286,69.81785714
308.7955182,69.81505602
309.0196078,69.8122549
309.2436975,69.80945378
309.4677871,69.80665266
309.6918768,69.80385154
309.9159664,69.80105042
310.140056,69.78832866
310.3641457,69.76965453
310.5882353,69.75098039
310.8123249,69.73230626
311.0364146,69.71363212
311.2605042,69.69495798
311.4845938,69.67628385
311.7086835,69.65760971
311.9327731,69.63893557
312.1568627,69.62026144
312.3809524,69.6015873
312.605042,69.58291317
312.8291317,69.56423903
313.0532213,69.54556489
313.2773109,69.52689076
313.5014006,69.50821662
313.7254902,69.48954248
313.9495798,69.47086835
314.1736695,69.45219421
314.3977591,69.43352007
314.6218487,69.41484594
314.8459384,69.3961718
315.070028,69.37749767
315.2941176,69.35882353
315.5182073,69.34014939
315.7422969,69.32147526
315.9663866,69.30280112
316.1904762,69.28412698
316.4145658,69.26545285
316.6386555,69.24677871
316.8627451,69.22810458
317.0868347,69.20943044
317.3109244,69.1907563
317.535014,69.17208217
317.7591036,69.15340803
317.9831933,69.13473389
318.2072829,69.11605976
318.4313725,69.09738562
318.6554622,69.07871148
318.8795518,69.06003735
319.1036415,69.04136321
319.3277311,69.02268908
319.5518207,69.00401494
319.7759104,68.9853408
320,68.96666667
320.2240896,68.94799253
320.4481793,68.92931839
320.6722689,68.91064426
320.8963585,68.89197012
321.1204482,68.87329599
321.3445378,68.85462185
321.5686275,68.83594771
321.7927171,68.81727358
322.0168067,68.79859944
322.2408964,68.7799253
322.464986,68.76125117
322.6890756,68.74257703
322.9131653,68.72390289
323.1372549,68.70522876
323.3613445,68.68655462
323.5854342,68.66788049
323.8095238,68.64920635
324.0336134,68.63053221
324.2577031,68.61185808
324.4817927,68.59318394
324.7058824,68.5745098
324.929972,68.55583567
325.1540616,68.53716153
325.3781513,68.51848739
325.6022409,68.49981326
325.8263305,68.48113912
326.0504202,68.46246499
326.2745098,68.44379085
326.4985994,68.42511671
326.7226891,68.40644258
326.9467787,68.38776844
327.1708683,68.3690943
327.394958,68.35042017
327.6190476,68.33174603
327.8431373,68.3130719
328.0672269,68.29439776
328.2913165,68.27572362
328.5154062,68.25704949
328.7394958,68.23837535
328.9635854,68.21970121
329.1876751,68.20102708
329.4117647,68.18235294
329.6358543,68.1636788
329.859944,68.14500467
330.0840336,68.12633053
330.3081232,68.1076564
330.5322129,68.08898226
330.7563025,68.07030812
330.9803922,68.05163399
331.2044818,68.03295985
331.4285714,68.01428571
331.6526611,67.99561158
331.8767507,67.97693744
332.1008403,67.95826331
332.32493,67.93958917
332.5490196,67.92091503
332.7731092,67.9022409
332.9971989,67.88356676
333.2212885,67.86489262
333.4453782,67.84621849
333.6694678,67.82754435
333.8935574,67.80887021
334.1176471,67.7947549
334.3417367,67.78476424
334.5658263,67.77477358
334.789916,67.76478291
335.0140056,67.75479225
335.2380952,67.74480159
335.4621849,67.73481092
335.6862745,67.72482026
335.9103641,67.7148296
336.1344538,67.70483894
336.3585434,67.69484827
336.5826331,67.68485761
336.8067227,67.67486695
337.0308123,67.66487628
337.254902,67.65488562
337.4789916,67.64489496
337.7030812,67.6349043
337.9271709,67.62491363
338.1512605,67.61492297
338.3753501,67.60493231
338.5994398,67.59494164
338.8235294,67.58495098
339.047619,67.57496032
339.2717087,67.56496965
339.4957983,67.55497899
339.719888,67.54498833
339.9439776,67.53499767
340.1680672,67.525007
340.3921569,67.51501634
340.6162465,67.50502568
340.8403361,67.49503501
341.0644258,67.48504435
341.2885154,67.47505369
341.512605,67.46506303
341.7366947,67.45507236
341.9607843,67.4450817
342.1848739,67.43509104
342.4089636,67.42510037
342.6330532,67.41510971
342.8571429,67.40511905
343.0812325,67.39512838
343.3053221,67.38513772
343.5294118,67.37514706
343.7535014,67.3651564
343.977591,67.35516573
344.2016807,67.34517507
344.4257703,67.33518441
344.6498599,67.32519374
344.8739496,67.31520308
345.0980392,67.30521242
345.3221289,67.29522176
345.5462185,67.28523109
345.7703081,67.27524043
345.9943978,67.26524977
346.2184874,67.2552591
346.442577,67.24526844
346.6666667,67.23527778
346.8907563,67.22528711
347.1148459,67.21529645
347.3389356,67.20530579
347.5630252,67.19531513
347.7871148,67.18532446
348.0112045,67.1753338
348.2352941,67.16534314
348.4593838,67.15535247
348.6834734,67.14536181
348.907563,67.13537115
349.1316527,67.12538049
349.3557423,67.11538982
349.5798319,67.10539916
349.8039216,67.0954085
350.0280112,67.08541783
350.2521008,67.07542717
350.4761905,67.06543651
350.7002801,67.05544585
350.9243697,67.04545518
351.1484594,67.03546452
351.372549,67.02547386
351.5966387,67.01548319
351.8207283,67.00549253
352.0448179,66.99550187
352.2689076,66.9855112
352.4929972,66.97552054
352.7170868,66.96552988
352.9411765,66.95553922
353.1652661,66.94554855
353.3893557,66.93555789
353.6134454,66.92556723
353.837535,66.91557656
354.0616246,66.9055859
354.2857143,66.89559524
354.5098039,66.88560458
354.7338936,66.87561391
354.9579832,66.86562325
355.1820728,66.85563259
355.4061625,66.84564192
355.6302521,66.83565126
355.8543417,66.8256606
356.0784314,66.81566993
356.302521,66.80567927
356.5266106,66.79568861
356.7507003,66.78569795
356.9747899,66.77570728
357.1988796,66.76571662
357.4229692,66.75572596
357.6470588,66.74573529
357.8711485,66.73574463
358.0952381,66.72551587
358.3193277,66.71496499
358.5434174,66.7044141
358.767507,66.69386321
358.9915966,66.68331232
359.2156863,66.67276144
359.4397759,66.66221055
359.6638655,66.65165966
359.8879552,66.64110878
360.1120448,66.63055789
360.3361345,66.620007
360.5602241,66.60945612
360.7843137,66.59890523
361.0084034,66.58835434
361.232493,66.57780345
361.4565826,66.56725257
361.6806723,66.55670168
361.9047619,66.54615079
362.1288515,66.53559991
362.3529412,66.52504902
362.5770308,66.51449813
362.8011204,66.50394725
363.0252101,66.49339636
363.2492997,66.48284547
363.4733894,66.47229458
363.697479,66.4617437
363.9215686,66.45119281
364.1456583,66.44064192
364.3697479,66.43009104
364.5938375,66.41954015
364.8179272,66.40898926
365.0420168,66.39843838
365.2661064,66.38788749
365.4901961,66.3773366
365.7142857,66.36678571
365.9383754,66.35623483
366.162465,66.34568394
366.3865546,66.33513305
366.6106443,66.32458217
366.8347339,66.31403128
367.0588235,66.30348039
367.2829132,66.29292951
367.5070028,66.28237862
367.7310924,66.27182773
367.9551821,66.26127684
368.1792717,66.25072596
368.4033613,66.24017507
368.627451,66.22962418
368.8515406,66.2190733
369.0756303,66.20852241
369.2997199,66.19797152
369.5238095,66.18742063
369.7478992,66.17686975
369.9719888,66.16631886
370.1960784,66.15576797
370.4201681,66.14521709
370.6442577,66.1346662
370.8683473,66.12411531
371.092437,66.11356443
371.3165266,66.10301354
371.5406162,66.09246265
371.7647059,66.08191176
371.9887955,66.07136088
372.2128852,66.06080999
372.4369748,66.0502591
372.6610644,66.03970822
372.8851541,66.02915733
373.1092437,66.01860644
373.3333333,66.00805556
373.557423,65.99750467
373.7815126,65.98695378
374.0056022,65.97640289
374.2296919,65.96585201
374.4537815,65.95530112
374.6778711,65.94475023
374.9019608,65.93419935
375.1260504,65.92364846
375.3501401,65.91309757
375.5742297,65.90254669
375.7983193,65.8919958
376.022409,65.88144491
376.2464986,65.87089402
376.4705882,65.86034314
376.6946779,65.84979225
376.9187675,65.83924136
377.1428571,65.82869048
377.3669468,65.81813959
377.5910364,65.8075887
377.8151261,65.79703782
378.0392157,65.78648693
378.2633053,65.77593604
378.487395,65.76538515
378.7114846,65.75483427
378.9355742,65.74428338
379.1596639,65.73373249
379.3837535,65.72318161
379.6078431,65.71263072
379.8319328,65.70207983
380.0560224,65.69152894
380.280112,65.68097806
380.5042017,65.67042717
380.7282913,65.65987628
380.952381,65.6493254
381.1764706,65.63877451
381.4005602,65.62822362
381.6246499,65.61767274
381.8487395,65.60712185
382.0728291,65.59726891
382.2969188,65.58886555
382.5210084,65.58046218
382.745098,65.57205882
382.9691877,65.56365546
383.1932773,65.5552521
383.4173669,65.54684874
383.6414566,65.53844538
383.8655462,65.53004202
384.0896359,65.52163866
384.3137255,65.51323529
384.5378151,65.50483193
384.7619048,65.49642857
384.9859944,65.48802521
385.210084,65.47962185
385.4341737,65.47121849
385.6582633,65.46281513
385.8823529,65.45441176
386.1064426,65.4460084
386.3305322,65.43760504
386.5546218,65.42920168
386.7787115,65.42079832
387.0028011,65.41239496
387.2268908,65.4039916
387.4509804,65.39558824
387.67507,65.38718487
387.8991597,65.37878151
388.1232493,65.37037815
388.3473389,65.36197479
388.5714286,65.35357143
388.7955182,65.34516807
389.0196078,65.33676471
389.2436975,65.32836134
389.4677871,65.31995798
389.6918768,65.31155462
389.9159664,65.30315126
390.140056,65.2947479
390.3641457,65.28634454
390.5882353,65.27794118
390.8123249,65.26953782
391.0364146,65.26113445
391.2605042,65.25273109
391.4845938,65.24432773
391.7086835,65.23592437
391.9327731,65.22752101
392.1568627,70.00273109
392.3809524,69.99432773
392.605042,69.98592437
392.8291317,69.97752101
393.0532213,69.96911765
393.2773109,69.96071429
393.5014006,69.95231092
393.7254902,69.94390756
393.9495798,69.9355042
394.1736695,69.92710084
394.3977591,69.91869748
394.6218487,69.91029412
394.8459384,69.90189076
395.070028,69.89348739
395.2941176,69.88508403
395.5182073,69.87668067
395.7422969,69.86827731
395.9663866,69.85987395
396.1904762,69.85147059
396.4145658,69.84306723
396.6386555,69.83466387
396.8627451,69.8262605
397.0868347,69.81785714
397.3109244,69.80945378
397.535014,69.80105042
397.7591036,69.75098039
397.9831933,69.69495798
398.2072829,69.63893557
398.4313725,69.58291317
398.6554622,69.52689076
398.8795518,69.47086835
399.1036415,69.41484594
399.3277311,69.35882353
399.5518207,69.30280112
399.7759104,69.24677871
400,69.1907563
400.2240896,69.13473389
400.4481793,69.07871148
400.6722689,69.02268908
400.8963585,68.96666667
401.1204482,68.91064426
401.3445378,68.85462185
401.5686275,68.79859944
401.7927171,68.74257703
402.0168067,68.68655462
402.2408964,68.63053221
402.464986,68.5745098
402.6890756,68.51848739
402.9131653,68.46246499
403.1372549,68.40644258
403.3613445,68.35042017
403.5854342,68.29439776
403.8095238,68.23837535
404.0336134,68.18235294
404.2577031,68.12633053
404.4817927,68.07030812
404.7058824,68.01428571
404.929972,67.95826331
405.1540616,67.9022409
405.3781513,67.84621849
405.6022409,67.7947549
405.8263305,67.76478291
406.0504202,67.73481092
406.2745098,67.70483894
406.4985994,67.67486695
406.7226891,67.64489496
406.9467787,67.61492297
407.1708683,67.58495098
407.394958,67.55497899
407.6190476,67.525007
407.8431373,67.49503501
408.0672269,67.46506303
408.2913165,67.43509104
408.5154062,67.40511905
408.7394958,67.37514706
408.9635854,67.34517507
409.1876751,67.31520308
409.4117647,67.28523109
409.6358543,67.2552591
409.859944,67.22528711
410.0840336,74.65536499
410.3081232,0.39063737
410.5322129,0
410.7563025,0.37065786
410.9803922,0
411.2044818,0.50724107
411.4285714,0.59316951
411.6526611,0.73384774
411.8767507,0
412.1008403,0.58368158
412.32493,0
412.5490196,0
412.7731092,0
412.9971989,0
413.2212885,0
413.4453782,0
413.6694678,0
413.8935574,0.74694359
414.1176471,0
414.3417367,0.2152479
414.5658263,69.284127
414.789916,69.2281046
415.0140056,69.1720822
415.2380952,69.1160598
415.4621849,69.0600374
415.6862745,69.0040149
415.9103641,68.9479925
416.1344538,68.8919701
416.3585434,68.8359477
416.5826331,68.7799253
416.8067227,68.7239029
417.0308123,68.6678805
417.254902,68.6118581
417.4789916,68.5558357
417.7030812,68.4998133
417.9271709,68.4437908
418.1512605,68.3877684
418.3753501,68.331746
418.5994398,68.2757236
418.8235294,68.2197012
419.047619,68.1636788
419.2717087,68.1076564
419.4957983,68.051634
419.719888,67.9956116
419.9439776,67.9395892
420.1680672,67.8835668
420.3921569,67.8275443
420.6162465,67.7847642
420.8403361,67.7547922
421.0644258,67.7248203
421.2885154,67.6948483
421.512605,67.6648763
421.7366947,67.6349043
421.9607843,67.6049323
422.1848739,67.5749603
422.4089636,67.5449883
422.6330532,67.5150163
422.8571429,67.4850443
423.0812325,67.4550724
423.3053221,67.4251004
423.5294118,67.3951284
423.7535014,67.3651564
423.977591,67.3351844
424.2016807,67.3052124
424.4257703,67.2752404
424.6498599,67.2452684
424.8739496,67.2152964
425.0980392,67.1853245
425.3221289,67.1553525
425.5462185,67.1253805
425.7703081,67.0954085
425.9943978,67.0654365
426.2184874,67.0354645
426.442577,67.0054925
426.6666667,66.9755205
426.8907563,66.9455485
427.1148459,66.9155766
427.3389356,66.8856046
427.5630252,66.8556326
427.7871148,66.8256606
428.0112045,66.7956886
428.2352941,66.7657166
428.4593838,66.7357446
428.6834734,66.7057441
428.907563,66.6757614
429.1316527,66.6457888
429.3557423,66.6158161
429.5798319,66.5858435
429.8039216,66.5558708
430.0280112,66.5258981
430.2521008,66.4959255
430.4761905,66.4659529
430.7002801,66.4359802
430.9243697,66.4060076
431.1484594,66.376035
431.372549,66.3460624
431.5966387,66.3160898
431.8207283,66.2861172
432.0448179,66.2561445
432.2689076,66.2261719
432.4929972,66.1961993
432.7170868,74.3834152
432.9411765,0.729776502
433.1652661,0.039289378
433.3893557,0
433.6134454,0.801512241
433.837535,0.65005827
434.0616246,0
434.2857143,0.547762811
434.5098039,0
434.7338936,0.455104053
434.9579832,0.12395443
435.1820728,0
435.4061625,0.081286907
435.6302521,0.227773413
435.8543417,0
436.0784314,0
436.302521,0.280281007
436.5266106,0.040247098
436.7507003,0
436.9747899,63.17517507
437.1988796,63.15510037
437.4229692,63.13502568
437.6470588,63.11495098
437.8711485,63.09487628
438.0952381,63.07480159
438.3193277,63.05472689
438.5434174,63.03465219
438.767507,63.0145775
438.9915966,62.9945028
439.2156863,62.9744281
439.4397759,62.95435341
439.6638655,62.93427871
439.8879552,62.91420401
440.1120448,62.89412932
440.3361345,62.87405462
440.5602241,62.85397993
440.7843137,62.83390523
441.0084034,62.81383053
441.232493,62.79375584
441.4565826,62.77368114
441.6806723,62.75360644
441.9047619,62.73353175
442.1288515,62.71345705
442.3529412,62.69338235
442.5770308,62.67330766
442.8011204,62.65323296
443.0252101,62.63315826
443.2492997,62.61308357
443.4733894,62.59300887
443.697479,62.57293417
443.9215686,62.55285948
444.1456583,62.53278478
444.3697479,62.51271008
444.5938375,62.49263539
444.8179272,62.47256069
445.0420168,62.45248599
445.2661064,62.4324113
445.4901961,62.4123366
445.7142857,62.3922619
445.9383754,62.37218721
446.162465,62.35211251
446.3865546,62.33203782
446.6106443,62.31196312
446.8347339,62.29188842
447.0588235,62.27181373
447.2829132,62.25173903
447.5070028,62.23166433
447.7310924,62.21158964
447.9551821,62.19151494
448.1792717,62.17144024
448.4033613,62.15136555
448.627451,62.13129085
448.8515406,62.11121615
449.0756303,62.09114146
449.2997199,62.07106676
449.5238095,62.05099206
449.7478992,62.03091737
449.9719888,62.01084267
450.1960784,61.99076797
450.4201681,61.97069328
450.6442577,61.95061858
450.8683473,61.93054388
451.092437,61.91046919
451.3165266,61.89039449
451.5406162,61.87031979
451.7647059,61.8502451
451.9887955,61.8301704
452.2128852,61.8100957
452.4369748,61.79002101
452.6610644,61.76994631
452.8851541,61.74987162
453.1092437,61.72979692
453.3333333,61.70972222
453.557423,61.68964753
453.7815126,61.66957283
454.0056022,61.64949813
454.2296919,61.62942344
454.4537815,61.60934874
454.6778711,61.58927404
454.9019608,61.56919935
455.1260504,61.54912465
455.3501401,61.52904995
455.5742297,61.50897526
455.7983193,61.48890056
456.022409,61.46882586
456.2464986,61.44875117
456.4705882,61.42867647
456.6946779,61.40860177
456.9187675,61.38852708
457.1428571,61.36845238
457.3669468,61.34837768
457.5910364,61.32830299
457.8151261,61.30822829
458.0392157,61.28815359
458.2633053,61.2680789
458.487395,61.2480042
458.7114846,61.22792951
458.9355742,61.20785481
459.1596639,61.18778011
