Ageing Time,C8
0.0,88.2
0.22408963585434175,87.98711484593838
0.4481792717086835,87.77422969187676
0.6722689075630253,87.56134453781513
0.896358543417367,87.34845938375351
1.1204481792717087,87.13557422969188
1.3445378151260505,86.92268907563025
1.5686274509803921,86.70980392156862
1.792717086834734,86.496918767507
2.0168067226890756,86.29453781512605
2.2408963585434174,86.22170868347338
2.4649859943977592,86.14887955182073
2.689075630252101,86.07605042016806
2.913165266106443,86.0032212885154
3.1372549019607843,85.93039215686274
3.361344537815126,85.85756302521008
3.585434173669468,85.78473389355742
3.8095238095238098,85.71190476190476
4.033613445378151,85.6390756302521
4.257703081232493,85.56624649859944
4.481792717086835,85.49341736694677
4.705882352941177,85.42058823529412
4.9299719887955185,85.34775910364145
5.15406162464986,85.2749299719888
5.378151260504202,85.20210084033613
5.602240896358544,85.12927170868348
5.826330532212886,85.05644257703081
6.050420168067227,84.99117647058823
6.2745098039215685,84.95196078431373
6.49859943977591,84.91274509803921
6.722689075630252,84.87352941176471
6.946778711484594,84.83431372549019
7.170868347338936,84.79509803921569
7.394957983193278,84.75588235294117
7.6190476190476195,84.71666666666667
7.843137254901961,84.67745098039215
8.067226890756302,84.63823529411765
8.291316526610645,84.59901960784313
8.515406162464986,84.55980392156863
8.739495798319329,84.52058823529411
8.96358543417367,84.48137254901961
9.187675070028012,84.4421568627451
9.411764705882353,84.40294117647059
9.635854341736694,84.36372549019607
9.859943977591037,84.32450980392157
10.084033613445378,84.28529411764706
10.30812324929972,84.24607843137255
10.532212885154062,84.20686274509804
10.756302521008404,84.16764705882352
10.980392156862745,84.12843137254902
11.204481792717088,84.0892156862745
11.428571428571429,84.05
11.652661064425772,84.01078431372548
11.876750700280112,83.97156862745098
12.100840336134453,83.93235294117646
12.324929971988796,83.89313725490196
12.549019607843137,83.85392156862744
12.77310924369748,83.81470588235294
12.99719887955182,83.77549019607842
13.221288515406163,83.73627450980392
13.445378151260504,83.6970588235294
13.669467787114847,83.6578431372549
13.893557422969188,83.61862745098038
14.11764705882353,83.59117647058822
14.341736694677872,83.57436974789915
14.565826330532213,83.55756302521007
14.789915966386555,83.540756302521
15.014005602240896,83.52394957983192
15.238095238095239,83.50714285714285
15.46218487394958,83.49033613445377
15.686274509803923,83.4735294117647
15.910364145658264,83.45672268907562
16.134453781512605,83.43991596638655
16.35854341736695,83.42310924369747
16.58263305322129,83.4063025210084
16.80672268907563,83.38949579831933
17.030812324929972,83.37268907563025
17.254901960784313,83.35588235294118
17.478991596638657,83.3390756302521
17.703081232493,83.32226890756303
17.92717086834734,83.30546218487395
18.15126050420168,83.28865546218488
18.375350140056025,83.2718487394958
18.599439775910366,83.25504201680673
18.823529411764707,83.23823529411764
19.047619047619047,83.22142857142858
19.27170868347339,83.20462184873949
19.495798319327733,83.18781512605042
19.719887955182074,83.17100840336134
19.943977591036415,83.15420168067227
20.168067226890756,83.13739495798319
20.3921568627451,83.12058823529412
20.61624649859944,83.10378151260504
20.840336134453782,83.08697478991597
21.064425770308123,83.07016806722689
21.288515406162468,83.05336134453782
21.51260504201681,83.03655462184874
21.73669467787115,83.01974789915967
21.96078431372549,83.00294117647059
22.18487394957983,82.96071428571429
22.408963585434176,82.91309523809524
22.633053221288517,82.86547619047619
22.857142857142858,82.81785714285714
23.0812324929972,82.7702380952381
23.305322128851543,82.72261904761905
23.529411764705884,82.675
23.753501400560225,82.62738095238095
23.977591036414566,82.57976190476191
24.201680672268907,82.53214285714286
24.42577030812325,82.48452380952381
24.649859943977592,82.43690476190476
24.873949579831933,82.38928571428572
25.098039215686274,82.34166666666667
25.32212885154062,82.29404761904762
25.54621848739496,82.24642857142857
25.7703081232493,82.19880952380952
25.99439775910364,82.15119047619048
26.218487394957986,82.10357142857143
26.442577030812327,82.05595238095238
26.666666666666668,82.00833333333333
26.89075630252101,81.96071428571429
27.11484593837535,81.91309523809524
27.338935574229694,81.86547619047619
27.563025210084035,81.81785714285714
27.787114845938376,81.7702380952381
28.011204481792717,81.72261904761905
28.23529411764706,81.675
28.459383753501402,81.62738095238095
28.683473389355743,81.57976190476191
28.907563025210084,81.53214285714286
29.131652661064425,81.48452380952381
29.35574229691877,81.43690476190476
29.57983193277311,81.3892857142857
29.80392156862745,81.34166666666667
30.028011204481793,81.29772408963585
30.252100840336137,81.27951680672268
30.476190476190478,81.26130952380952
30.70028011204482,81.24310224089636
30.92436974789916,81.2248949579832
31.1484593837535,81.20668767507003
31.372549019607845,81.18848039215686
31.596638655462186,81.1702731092437
31.820728291316527,81.15206582633053
32.04481792717087,81.13385854341736
32.26890756302521,81.1156512605042
32.49299719887955,81.09744397759104
32.7170868347339,81.07923669467787
32.94117647058824,81.06102941176471
33.16526610644258,81.04282212885154
33.38935574229692,81.02461484593837
33.61344537815126,81.0064075630252
33.8375350140056,80.98820028011204
34.061624649859944,80.96999299719887
34.285714285714285,80.9517857142857
34.509803921568626,80.93357843137255
34.733893557422974,80.91537114845939
34.957983193277315,80.89716386554622
35.182072829131656,80.87895658263305
35.406162464986,80.86074929971988
35.63025210084034,80.84254201680672
35.85434173669468,80.82433473389355
36.07843137254902,80.80612745098038
36.30252100840336,80.78792016806723
36.5266106442577,80.76971288515406
36.75070028011205,80.7515056022409
36.97478991596639,80.73329831932773
37.19887955182073,80.71509103641456
37.42296918767507,80.6968837535014
37.64705882352941,80.67867647058823
37.871148459383754,80.66046918767506
38.095238095238095,80.64226190476191
38.319327731092436,80.62405462184874
38.54341736694678,80.60584733893558
38.767507002801125,80.58764005602241
38.991596638655466,80.56943277310924
39.21568627450981,80.55122549019607
39.43977591036415,80.53301820728291
39.66386554621849,80.51481092436974
39.88795518207283,80.49660364145659
40.11204481792717,80.47839635854342
40.33613445378151,80.46018907563025
40.56022408963586,80.44198179271709
40.7843137254902,80.42377450980392
41.00840336134454,80.40556722689075
41.23249299719888,80.38735994397759
41.45658263305322,80.36915266106442
41.680672268907564,80.35094537815127
41.904761904761905,80.3327380952381
42.128851540616246,80.31453081232493
42.35294117647059,80.29632352941177
42.577030812324935,80.2781162464986
42.801120448179276,80.25990896358543
43.02521008403362,80.24170168067226
43.24929971988796,80.2234943977591
43.4733893557423,80.20528711484594
43.69747899159664,80.18707983193278
43.92156862745098,80.16887254901961
44.14565826330532,80.15066526610644
44.36974789915966,80.13245798319328
44.59383753501401,80.11425070028011
44.81792717086835,80.09604341736694
45.04201680672269,80.07783613445378
45.26610644257703,80.05962885154062
45.490196078431374,80.04142156862746
45.714285714285715,80.02321428571429
45.938375350140056,80.00500700280112
46.1624649859944,79.98510737628385
46.38655462184874,79.96456582633053
46.610644257703086,79.94402427637722
46.83473389355743,79.9234827264239
47.05882352941177,79.90294117647059
47.28291316526611,79.88239962651727
47.50700280112045,79.86185807656396
47.73109243697479,79.84131652661064
47.95518207282913,79.82077497665733
48.17927170868347,79.80023342670401
48.403361344537814,79.7796918767507
48.62745098039216,79.75915032679738
48.8515406162465,79.73860877684407
49.075630252100844,79.71806722689075
49.299719887955185,79.69752567693745
49.523809523809526,79.67698412698412
49.747899159663866,79.65644257703082
49.97198879551821,79.6359010270775
50.19607843137255,79.61535947712419
50.42016806722689,79.59481792717087
50.64425770308124,79.57427637721756
50.86834733893558,79.55373482726424
51.09243697478992,79.53319327731093
51.31652661064426,79.5126517273576
51.5406162464986,79.4921101774043
51.76470588235294,79.47156862745098
51.98879551820728,79.45102707749767
52.212885154061624,79.43048552754435
52.43697478991597,79.40994397759104
52.66106442577031,79.38940242763772
52.885154061624654,79.36886087768441
53.109243697478995,79.34831932773109
53.333333333333336,79.32777777777778
53.55742296918768,79.30723622782446
53.78151260504202,79.28669467787115
54.00560224089636,79.26615312791783
54.2296918767507,79.24561157796452
54.45378151260505,79.2250700280112
54.67787114845939,79.2045284780579
54.90196078431373,79.18398692810457
55.12605042016807,79.16344537815127
55.35014005602241,79.14290382819794
55.57422969187675,79.12236227824462
55.79831932773109,79.10182072829132
56.022408963585434,79.08127917833801
56.246498599439775,79.06073762838469
56.47058823529412,79.04019607843136
56.694677871148464,79.01965452847806
56.918767507002805,78.99911297852474
57.142857142857146,78.97857142857143
57.36694677871149,78.9580298786181
57.59103641456583,78.9374883286648
57.81512605042017,78.91694677871148
58.03921568627451,78.89640522875817
58.26330532212885,78.87586367880485
58.4873949579832,78.85532212885154
58.71148459383754,78.83478057889822
58.93557422969188,78.81423902894491
59.15966386554622,78.79369747899159
59.38375350140056,78.77315592903828
59.6078431372549,78.75261437908496
59.831932773109244,78.73207282913165
60.056022408963585,78.71153127917833
60.280112044817926,78.69098972922502
60.504201680672274,78.6704481792717
60.728291316526615,78.6499066293184
60.952380952380956,78.62936507936507
61.1764705882353,78.60882352941177
61.40056022408964,78.58828197945844
61.62464985994398,78.56774042950514
61.84873949579832,78.54719887955181
62.07282913165266,78.5266573295985
62.296918767507,78.50611577964519
62.52100840336135,78.48557422969188
62.74509803921569,78.46503267973856
62.96918767507003,78.44449112978525
63.19327731092437,78.42394957983193
63.417366946778714,78.40340802987862
63.641456582633054,78.3828664799253
63.865546218487395,78.36232492997199
64.08963585434174,78.34178338001867
64.31372549019608,78.32124183006536
64.53781512605042,78.30070028011204
64.76190476190476,78.28015873015873
64.9859943977591,78.25961718020541
65.21008403361344,78.2390756302521
65.4341736694678,78.21853408029878
65.65826330532214,78.19799253034547
65.88235294117648,78.17745098039215
66.10644257703082,78.15690943043884
66.33053221288516,78.13636788048552
66.5546218487395,78.11582633053222
66.77871148459384,78.0952847805789
67.00280112044818,78.07474323062559
67.22689075630252,78.05420168067226
67.45098039215686,78.03366013071896
67.6750700280112,78.01311858076564
67.89915966386555,77.99257703081233
68.12324929971989,77.972035480859
68.34733893557423,77.9514939309057
68.57142857142857,77.93095238095238
68.79551820728291,77.91041083099907
69.01960784313725,77.88986928104575
69.2436974789916,77.86932773109244
69.46778711484595,77.84878618113912
69.69187675070029,77.82824463118581
69.91596638655463,77.80770308123249
70.14005602240897,77.7953314659197
70.36414565826331,77.78786181139122
70.58823529411765,77.78039215686275
70.812324929972,77.77292250233427
71.03641456582633,77.76545284780579
71.26050420168067,77.75798319327731
71.48459383753502,77.75051353874883
71.70868347338936,77.74304388422036
71.9327731092437,77.73557422969188
72.15686274509804,77.7281045751634
72.38095238095238,77.72063492063492
72.60504201680672,77.71316526610644
72.82913165266106,77.70569561157797
73.0532212885154,77.69822595704949
73.27731092436976,77.69075630252101
73.5014005602241,77.68328664799253
73.72549019607844,77.67581699346405
73.94957983193278,77.66834733893558
74.17366946778712,77.6608776844071
74.39775910364146,77.65340802987862
74.6218487394958,77.64593837535014
74.84593837535014,77.63846872082166
75.07002801120449,77.63099906629319
75.29411764705883,77.62352941176471
75.51820728291317,77.61605975723623
75.74229691876751,77.60859010270775
75.96638655462185,77.60112044817927
76.19047619047619,77.5936507936508
76.41456582633053,77.58618113912232
76.63865546218487,77.57871148459384
76.86274509803921,77.57124183006536
77.08683473389355,77.56377217553688
77.31092436974791,77.5563025210084
77.53501400560225,77.54883286647993
77.75910364145659,77.54136321195145
77.98319327731093,77.53389355742297
78.20728291316527,77.52642390289449
78.43137254901961,77.51895424836601
78.65546218487395,77.51148459383754
78.8795518207283,77.50401493930906
79.10364145658264,77.49654528478058
79.32773109243698,77.4890756302521
79.55182072829132,77.48160597572362
79.77591036414566,77.47413632119515
80.0,77.46666666666667
80.22408963585434,77.45919701213819
80.44817927170868,77.45172735760971
80.67226890756302,77.44425770308123
80.89635854341736,77.43678804855276
81.12044817927172,77.42931839402428
81.34453781512606,77.4218487394958
81.5686274509804,77.41437908496732
81.79271708683474,77.40690943043884
82.01680672268908,77.39943977591037
82.24089635854342,77.39197012138189
82.46498599439776,77.38450046685341
82.6890756302521,77.37703081232493
82.91316526610645,77.36956115779645
83.13725490196079,77.36209150326798
83.36134453781513,77.3546218487395
83.58543417366947,77.34715219421102
83.80952380952381,77.33968253968254
84.03361344537815,77.33221288515406
84.25770308123249,77.32474323062559
84.48179271708683,77.31727357609711
84.70588235294117,77.30980392156863
84.92997198879551,77.30233426704015
85.15406162464987,77.29486461251167
85.37815126050421,77.2873949579832
85.60224089635855,77.27992530345472
85.82633053221289,77.27245564892624
86.05042016806723,77.26498599439776
86.27450980392157,77.25751633986928
86.49859943977592,77.2500466853408
86.72268907563026,77.24257703081233
86.9467787114846,77.23510737628385
87.17086834733894,77.22763772175537
87.39495798319328,77.2201680672269
87.61904761904762,77.21269841269842
87.84313725490196,77.20522875816994
88.0672268907563,77.19775910364146
88.29131652661064,77.19028944911298
88.51540616246498,77.1828197945845
88.73949579831933,77.17535014005603
88.96358543417367,77.16788048552755
89.18767507002802,77.16041083099907
89.41176470588236,77.15294117647059
89.6358543417367,77.14547152194211
89.85994397759104,77.13800186741364
90.08403361344538,77.13053221288516
90.30812324929973,77.12306255835668
90.53221288515407,77.1155929038282
90.75630252100841,77.10812324929972
90.98039215686275,77.10065359477125
91.20448179271709,77.09318394024277
91.42857142857143,77.08571428571429
91.65266106442577,77.07824463118581
91.87675070028011,77.07077497665733
92.10084033613445,77.06330532212885
92.3249299719888,77.05583566760038
92.54901960784314,77.0483660130719
92.77310924369748,77.04089635854342
92.99719887955183,77.03342670401494
93.22128851540617,77.02595704948646
93.44537815126051,77.01848739495799
93.66946778711485,77.01101774042951
93.8935574229692,77.00354808590103
94.11764705882354,76.98137254901961
94.34173669467788,76.94589169000933
94.56582633053222,76.91041083099907
94.78991596638656,76.87492997198879
95.0140056022409,76.83944911297853
95.23809523809524,76.80396825396825
95.46218487394958,76.76848739495799
95.68627450980392,76.73300653594771
95.91036414565826,76.69752567693745
96.1344537815126,76.66204481792717
96.35854341736695,76.6265639589169
96.58263305322129,76.59108309990663
96.80672268907563,76.55560224089636
97.03081232492998,76.52012138188609
97.25490196078432,76.48464052287582
97.47899159663866,76.44915966386554
97.703081232493,76.41367880485528
97.92717086834735,76.378197945845
98.15126050420169,76.34271708683474
98.37535014005603,76.30723622782446
98.59943977591037,76.2717553688142
98.82352941176471,76.23627450980392
99.04761904761905,76.20079365079366
99.27170868347339,76.16531279178338
99.49579831932773,76.12983193277311
99.71988795518207,76.09435107376284
99.94397759103641,76.05887021475257
100.16806722689076,76.0233893557423
100.3921568627451,75.98790849673203
100.61624649859944,75.95242763772175
100.84033613445378,75.91694677871149
101.06442577030813,75.88146591970121
101.28851540616247,75.84598506069094
101.51260504201682,75.81050420168067
101.73669467787116,75.7750233426704
101.9607843137255,75.73954248366013
102.18487394957984,75.70406162464985
102.40896358543418,75.66858076563959
102.63305322128852,75.63309990662931
102.85714285714286,75.59761904761905
103.0812324929972,75.56213818860877
103.30532212885154,75.5266573295985
103.52941176470588,75.49117647058824
103.75350140056022,75.45569561157797
103.97759103641457,75.42021475256769
104.2016806722689,75.38473389355742
104.42577030812325,75.34925303454716
104.64985994397759,75.31377217553688
104.87394957983194,75.2782913165266
105.09803921568628,75.24281045751634
105.32212885154063,75.20732959850606
105.54621848739497,75.1718487394958
105.77030812324931,75.13636788048552
105.99439775910365,75.10088702147526
106.21848739495799,75.06540616246498
106.44257703081233,75.02992530345472
106.66666666666667,74.99444444444444
106.89075630252101,74.95896358543418
107.11484593837535,74.9234827264239
107.3389355742297,74.88800186741364
107.56302521008404,74.85252100840336
107.78711484593838,74.8170401493931
108.01120448179272,74.78155929038282
108.23529411764706,74.74607843137255
108.4593837535014,74.71059757236227
108.68347338935574,74.67511671335201
108.9075630252101,74.63963585434173
109.13165266106444,74.60415499533147
109.35574229691878,74.56867413632119
109.57983193277312,74.53319327731093
109.80392156862746,74.49771241830065
110.0280112044818,74.46223155929039
110.25210084033614,74.42675070028011
110.47619047619048,74.39126984126985
110.70028011204482,74.35578898225957
110.92436974789916,74.3203081232493
111.1484593837535,74.28482726423903
111.37254901960785,74.24934640522876
111.59663865546219,74.21386554621849
111.82072829131653,74.17838468720822
112.04481792717087,74.14290382819794
112.26890756302521,74.10742296918768
112.49299719887955,74.0719421101774
112.71708683473389,74.03646125116714
112.94117647058825,74.00098039215686
113.16526610644259,73.9654995331466
113.38935574229693,73.93001867413632
113.61344537815127,73.89453781512606
113.83753501400561,73.85905695611578
114.06162464985995,73.82357609710552
114.28571428571429,73.78809523809524
114.50980392156863,73.75261437908497
114.73389355742297,73.7171335200747
114.95798319327731,73.68165266106443
115.18207282913166,73.64617180205416
115.406162464986,73.61069094304389
115.63025210084034,73.57521008403361
115.85434173669468,73.53972922502335
116.07843137254902,73.50424836601307
116.30252100840336,73.46876750700281
116.5266106442577,73.43328664799253
116.75070028011206,73.39780578898225
116.9747899159664,73.36232492997199
117.19887955182074,73.32684407096171
117.42296918767508,73.29136321195145
117.64705882352942,73.25588235294117
117.87114845938376,73.22040149393091
118.0952380952381,73.19801587301588
118.31932773109244,73.19334733893558
118.54341736694678,73.18867880485527
118.76750700280112,73.18401027077498
118.99159663865547,73.17934173669468
119.2156862745098,73.17467320261439
119.43977591036415,73.17000466853408
119.66386554621849,73.16533613445378
119.88795518207283,73.16066760037349
120.11204481792717,73.15599906629319
120.33613445378151,73.15133053221288
120.56022408963585,73.14666199813259
120.78431372549021,73.14199346405229
121.00840336134455,73.137324929972
121.23249299719889,73.13265639589169
121.45658263305323,73.12798786181139
121.68067226890757,73.1233193277311
121.90476190476191,73.1186507936508
122.12885154061625,73.11398225957049
122.3529411764706,73.1093137254902
122.57703081232494,73.1046451914099
122.80112044817928,73.0999766573296
123.02521008403362,73.0953081232493
123.24929971988796,73.090639589169
123.4733893557423,73.0859710550887
123.69747899159664,73.08130252100841
123.92156862745098,73.0766339869281
124.14565826330532,73.0719654528478
124.36974789915966,73.06729691876751
124.593837535014,73.06262838468722
124.81792717086836,73.0579598506069
125.0420168067227,73.05329131652661
125.26610644257704,73.04862278244632
125.49019607843138,73.04395424836602
125.71428571428572,73.03928571428571
125.93837535014006,73.03461718020542
126.1624649859944,73.02994864612512
126.38655462184875,73.02528011204483
126.61064425770309,73.02061157796452
126.83473389355743,73.01594304388422
127.05882352941177,73.01127450980393
127.28291316526611,73.00660597572363
127.50700280112045,73.00193744164332
127.73109243697479,72.99726890756303
127.95518207282913,72.99260037348273
128.17927170868347,72.98793183940244
128.4033613445378,72.98326330532213
128.62745098039215,72.97859477124183
128.8515406162465,72.97392623716154
129.07563025210084,72.96925770308124
129.29971988795518,72.96458916900093
129.52380952380952,72.95992063492064
129.74789915966386,72.95525210084034
129.9719887955182,72.95058356676005
130.19607843137254,72.94591503267974
130.42016806722688,72.94124649859944
130.64425770308125,72.93657796451915
130.8683473389356,72.93190943043885
131.09243697478993,72.92724089635854
131.31652661064427,72.92257236227825
131.54061624649862,72.91790382819795
131.76470588235296,72.91323529411765
131.9887955182073,72.90856676003735
132.21288515406164,72.90389822595705
132.43697478991598,72.89922969187676
132.66106442577032,72.89456115779646
132.88515406162466,72.88989262371615
133.109243697479,72.88522408963586
133.33333333333334,72.88055555555556
133.55742296918768,72.87588702147526
133.78151260504202,72.87121848739496
134.00560224089637,72.86654995331466
134.2296918767507,72.86188141923436
134.45378151260505,72.85721288515407
134.6778711484594,72.85254435107376
134.90196078431373,72.84787581699347
135.12605042016807,72.84320728291317
135.3501400560224,72.83853874883287
135.57422969187675,72.83387021475257
135.7983193277311,72.82920168067227
136.02240896358543,72.82453314659197
136.24649859943978,72.81986461251168
136.47058823529412,72.81519607843137
136.69467787114846,72.81052754435107
136.9187675070028,72.80585901027078
137.14285714285714,72.80119047619048
137.36694677871148,72.79652194211018
137.59103641456582,72.79185340802988
137.81512605042016,72.78718487394958
138.0392156862745,72.78251633986929
138.26330532212884,72.77784780578898
138.4873949579832,72.77317927170868
138.71148459383755,72.76851073762839
138.9355742296919,72.7638422035481
139.15966386554624,72.75917366946778
139.38375350140058,72.75450513538749
139.60784313725492,72.7498366013072
139.83193277310926,72.7451680672269
140.0560224089636,72.74049953314659
140.28011204481794,72.7358309990663
140.50420168067228,72.731162464986
140.72829131652662,72.7264939309057
140.95238095238096,72.7218253968254
141.1764705882353,72.7171568627451
141.40056022408965,72.7124883286648
141.624649859944,72.70781979458451
141.84873949579833,72.7031512605042
142.07282913165267,72.69423436041083
142.296918767507,72.67649393090569
142.52100840336135,72.65875350140057
142.7450980392157,72.64101307189543
142.96918767507003,72.62327264239029
143.19327731092437,72.60553221288515
143.4173669467787,72.58779178338003
143.64145658263305,72.57005135387489
143.8655462184874,72.55231092436975
144.08963585434174,72.53457049486461
144.31372549019608,72.51683006535949
144.53781512605042,72.49908963585435
144.76190476190476,72.48134920634921
144.9859943977591,72.46360877684407
145.21008403361344,72.44586834733894
145.43417366946778,72.4281279178338
145.65826330532212,72.41038748832867
145.88235294117646,72.39264705882353
146.1064425770308,72.3749066293184
146.33053221288515,72.35716619981326
146.55462184873952,72.33942577030813
146.77871148459386,72.32168534080299
147.0028011204482,72.30394491129785
147.22689075630254,72.28620448179272
147.45098039215688,72.26846405228758
147.67507002801122,72.25072362278244
147.89915966386556,72.2329831932773
148.1232492997199,72.21524276377218
148.34733893557424,72.19750233426704
148.57142857142858,72.1797619047619
148.79551820728292,72.16202147525676
149.01960784313727,72.14428104575164
149.2436974789916,72.1265406162465
149.46778711484595,72.10880018674136
149.6918767507003,72.09105975723622
149.91596638655463,72.0733193277311
150.14005602240897,72.05557889822596
150.3641456582633,72.03783846872082
150.58823529411765,72.02009803921568
150.812324929972,72.00235760971056
151.03641456582633,71.98461718020542
151.26050420168067,71.96687675070028
151.48459383753502,71.94913632119514
151.70868347338936,71.93139589169002
151.9327731092437,71.91365546218488
152.15686274509804,71.89591503267974
152.38095238095238,71.8781746031746
152.60504201680672,71.86043417366947
152.82913165266106,71.84269374416434
153.0532212885154,71.8249533146592
153.27731092436974,71.80721288515406
153.50140056022408,71.78947245564893
153.72549019607843,71.7717320261438
153.94957983193277,71.75399159663866
154.1736694677871,71.73625116713352
154.39775910364148,71.71851073762838
154.62184873949582,71.70077030812325
154.84593837535016,71.68302987861811
155.0700280112045,71.66528944911298
155.29411764705884,71.64754901960784
155.51820728291318,71.62980859010271
155.74229691876752,71.61206816059757
155.96638655462186,71.59432773109243
156.1904761904762,71.5765873015873
156.41456582633054,71.55884687208217
156.6386554621849,71.54110644257703
156.86274509803923,71.5233660130719
157.08683473389357,71.50562558356675
157.3109243697479,71.48788515406163
157.53501400560225,71.47014472455649
157.7591036414566,71.45240429505135
157.98319327731093,71.43466386554621
158.20728291316527,71.41692343604109
158.4313725490196,71.39918300653595
158.65546218487395,71.38144257703081
158.8795518207283,71.36370214752567
159.10364145658264,71.34596171802055
159.32773109243698,71.32822128851541
159.55182072829132,71.31048085901027
159.77591036414566,71.29274042950513
160.0,71.275
160.22408963585434,71.25725957049487
160.44817927170868,71.23951914098973
160.67226890756302,71.22177871148459
160.89635854341736,71.20403828197945
161.1204481792717,71.18629785247433
161.34453781512605,71.16855742296919
161.5686274509804,71.15081699346405
161.79271708683473,71.13307656395891
162.01680672268907,71.11533613445378
162.24089635854344,71.09759570494865
162.46498599439778,71.0798552754435
162.68907563025212,71.06211484593837
162.91316526610646,71.04437441643324
163.1372549019608,71.0266339869281
163.36134453781514,71.00889355742297
163.58543417366948,70.99115312791783
163.80952380952382,70.9734126984127
164.03361344537817,70.95567226890756
164.2577030812325,70.93793183940242
164.48179271708685,70.92019140989728
164.7058823529412,70.90245098039216
164.92997198879553,70.88471055088702
165.15406162464987,70.86697012138188
165.3781512605042,70.84922969187674
165.60224089635855,70.8314892623716
165.8263305322129,70.81374883286648
166.05042016806723,70.7983193277311
166.27450980392157,70.79084967320262
166.49859943977592,70.78338001867414
166.72268907563026,70.77591036414566
166.9467787114846,70.76844070961718
167.17086834733894,70.7609710550887
167.39495798319328,70.75350140056022
167.61904761904762,70.74603174603175
167.84313725490196,70.73856209150327
168.0672268907563,70.73109243697479
168.29131652661064,70.72362278244631
168.51540616246498,70.71615312791783
168.73949579831933,70.70868347338936
168.96358543417367,70.70121381886088
169.187675070028,70.6937441643324
169.41176470588235,70.68627450980392
169.6358543417367,70.67880485527544
169.85994397759103,70.67133520074697
170.08403361344537,70.66386554621849
170.30812324929974,70.65639589169001
170.53221288515408,70.64892623716153
170.75630252100842,70.64145658263305
170.98039215686276,70.63398692810458
171.2044817927171,70.6265172735761
171.42857142857144,70.61904761904762
171.65266106442579,70.61157796451914
171.87675070028013,70.60410830999066
172.10084033613447,70.59663865546219
172.3249299719888,70.58916900093371
172.54901960784315,70.58169934640523
172.7731092436975,70.57422969187675
172.99719887955183,70.56676003734827
173.22128851540617,70.5592903828198
173.4453781512605,70.55182072829132
173.66946778711485,70.54435107376284
173.8935574229692,70.53688141923436
174.11764705882354,70.52941176470588
174.34173669467788,70.5219421101774
174.56582633053222,70.51447245564893
174.78991596638656,70.50700280112045
175.0140056022409,70.49953314659197
175.23809523809524,70.4920634920635
175.46218487394958,70.48459383753502
175.68627450980392,70.47712418300654
175.91036414565826,70.46965452847806
176.1344537815126,70.46218487394958
176.35854341736695,70.4547152194211
176.5826330532213,70.44724556489263
176.80672268907563,70.43977591036415
177.03081232492997,70.43230625583567
177.2549019607843,70.42483660130719
177.47899159663865,70.41736694677871
177.703081232493,70.40989729225024
177.92717086834733,70.40242763772176
178.1512605042017,70.39495798319328
178.37535014005604,70.3874883286648
178.59943977591038,70.38001867413632
178.82352941176472,70.37254901960785
179.04761904761907,70.36507936507937
179.2717086834734,70.35760971055089
179.49579831932775,70.35014005602241
179.7198879551821,70.34267040149393
179.94397759103643,70.33520074696546
180.16806722689077,70.32773109243698
180.3921568627451,70.3202614379085
180.61624649859945,70.31279178338002
180.8403361344538,70.30532212885154
181.06442577030813,70.29785247432307
181.28851540616247,70.29038281979459
181.51260504201682,70.28291316526611
181.73669467787116,70.27544351073763
181.9607843137255,70.26797385620915
182.18487394957984,70.26050420168067
182.40896358543418,70.2530345471522
182.63305322128852,70.24556489262372
182.85714285714286,70.23809523809524
183.0812324929972,70.23062558356676
183.30532212885154,70.22315592903828
183.52941176470588,70.2156862745098
183.75350140056022,70.20821661998133
183.97759103641457,70.20074696545285
184.2016806722689,70.19327731092437
184.42577030812325,70.1858076563959
184.6498599439776,70.17833800186742
184.87394957983193,70.17086834733894
185.09803921568627,70.16339869281046
185.3221288515406,70.15592903828198
185.54621848739495,70.1484593837535
185.7703081232493,70.14098972922503
185.99439775910366,70.13352007469655
186.218487394958,70.12605042016807
186.44257703081234,70.11858076563959
186.66666666666669,70.11111111111111
186.89075630252103,70.10364145658264
187.11484593837537,70.09617180205416
187.3389355742297,70.08870214752568
187.56302521008405,70.0812324929972
187.7871148459384,70.07376283846872
188.01120448179273,70.06629318394025
188.23529411764707,70.05882352941177
188.4593837535014,70.05135387488329
188.68347338935575,70.04388422035481
188.9075630252101,70.03641456582633
189.13165266106444,70.02894491129786
189.35574229691878,70.02147525676938
189.57983193277312,70.0140056022409
189.80392156862746,70.00653594771242
190.0280112044818,69.99813258636787
190.25210084033614,69.98319327731092
190.47619047619048,69.96825396825396
190.70028011204482,69.953314659197
190.92436974789916,69.93837535014005
191.1484593837535,69.9234360410831
191.37254901960785,69.90849673202614
191.5966386554622,69.89355742296918
191.82072829131653,69.87861811391222
192.04481792717087,69.86367880485528
192.2689075630252,69.84873949579833
192.49299719887955,69.83380018674137
192.7170868347339,69.81886087768441
192.94117647058823,69.80392156862746
193.16526610644257,69.7889822595705
193.3893557422969,69.77404295051355
193.61344537815125,69.75910364145659
193.8375350140056,69.74416433239963
194.06162464985997,69.72922502334266
194.2857142857143,69.71428571428571
194.50980392156865,69.69934640522875
194.733893557423,69.6844070961718
194.95798319327733,69.66946778711484
195.18207282913167,69.65452847805788
195.406162464986,69.63958916900093
195.63025210084035,69.62464985994397
195.8543417366947,69.60971055088702
196.07843137254903,69.59477124183006
196.30252100840337,69.5798319327731
196.52661064425772,69.56489262371615
196.75070028011206,69.54995331465919
196.9747899159664,69.53501400560224
197.19887955182074,69.52007469654528
197.42296918767508,69.50513538748832
197.64705882352942,69.49019607843137
197.87114845938376,69.47525676937441
198.0952380952381,69.46031746031746
198.31932773109244,69.4453781512605
198.54341736694678,69.43043884220354
198.76750700280112,69.41549953314659
198.99159663865547,69.40056022408963
199.2156862745098,69.38562091503267
199.43977591036415,69.37068160597572
199.6638655462185,69.35574229691876
199.88795518207283,69.34080298786182
200.11204481792717,69.32586367880486
200.3361344537815,69.31092436974791
200.56022408963585,69.29598506069095
200.7843137254902,69.281045751634
201.00840336134453,69.26610644257704
201.23249299719888,69.25116713352008
201.45658263305322,69.23622782446313
201.68067226890756,69.22128851540617
201.90476190476193,69.2063492063492
202.12885154061627,69.19140989729225
202.3529411764706,69.17647058823529
202.57703081232495,69.16153127917833
202.8011204481793,69.14659197012138
203.02521008403363,69.13165266106442
203.24929971988797,69.11671335200747
203.4733893557423,69.10177404295051
203.69747899159665,69.08683473389355
203.921568627451,69.0718954248366
204.14565826330534,69.05695611577964
204.36974789915968,69.04201680672269
204.59383753501402,69.02707749766573
204.81792717086836,69.01213818860877
205.0420168067227,68.99719887955182
205.26610644257704,68.98225957049486
205.49019607843138,68.9673202614379
205.71428571428572,68.95238095238095
205.93837535014006,68.937441643324
206.1624649859944,68.92250233426704
206.38655462184875,68.90756302521008
206.6106442577031,68.89262371615312
206.83473389355743,68.87768440709617
207.05882352941177,68.86274509803921
207.2829131652661,68.84780578898226
207.50700280112045,68.8328664799253
207.7310924369748,68.81792717086836
207.95518207282913,68.8029878618114
208.17927170868347,68.78804855275445
208.4033613445378,68.77310924369749
208.62745098039215,68.75816993464053
208.8515406162465,68.74323062558358
209.07563025210084,68.72829131652662
209.29971988795518,68.71335200746967
209.52380952380952,68.69841269841271
209.7478991596639,68.68347338935574
209.97198879551823,68.66853408029878
210.19607843137257,68.65359477124183
210.4201680672269,68.63865546218487
210.64425770308125,68.62371615312792
210.8683473389356,68.60877684407096
211.09243697478993,68.593837535014
211.31652661064427,68.57889822595705
211.54061624649862,68.56395891690009
211.76470588235296,68.54901960784314
211.9887955182073,68.53408029878618
212.21288515406164,68.51914098972922
212.43697478991598,68.50420168067227
212.66106442577032,68.48926237161531
212.88515406162466,68.47432306255835
213.109243697479,68.4593837535014
213.33333333333334,68.44444444444444
213.55742296918768,68.42950513538749
213.78151260504202,68.41456582633053
214.00560224089637,68.39961484593839
214.2296918767507,68.38420868347339
214.45378151260505,68.3688025210084
214.6778711484594,68.35339635854342
214.90196078431373,68.33799019607844
215.12605042016807,68.32258403361345
215.3501400560224,68.30717787114847
215.57422969187675,68.29177170868348
215.7983193277311,68.27636554621849
216.02240896358543,68.2609593837535
216.24649859943978,68.24555322128852
216.47058823529412,68.23014705882353
216.69467787114846,68.21474089635855
216.9187675070028,68.19933473389356
217.14285714285714,68.18392857142858
217.36694677871148,68.1685224089636
217.59103641456582,68.1531162464986
217.8151260504202,68.13771008403361
218.03921568627453,68.12230392156863
218.26330532212887,68.10689775910365
218.4873949579832,68.09149159663866
218.71148459383755,68.07608543417368
218.9355742296919,68.0606792717087
219.15966386554624,68.0452731092437
219.38375350140058,68.02986694677871
219.60784313725492,68.01446078431373
219.83193277310926,67.99905462184874
220.0560224089636,67.98364845938376
220.28011204481794,67.96824229691877
220.50420168067228,67.95283613445379
220.72829131652662,67.9374299719888
220.95238095238096,67.92202380952381
221.1764705882353,67.90661764705882
221.40056022408965,67.89121148459384
221.624649859944,67.87580532212885
221.84873949579833,67.86039915966387
222.07282913165267,67.84499299719889
222.296918767507,67.8295868347339
222.52100840336135,67.8141806722689
222.7450980392157,67.79877450980392
222.96918767507003,67.78336834733894
223.19327731092437,67.76796218487395
223.4173669467787,67.75255602240897
223.64145658263305,67.73714985994398
223.8655462184874,67.721743697479
224.08963585434174,67.70633753501401
224.31372549019608,67.69093137254902
224.53781512605042,67.67552521008403
224.76190476190476,67.66011904761905
224.9859943977591,67.64471288515406
225.21008403361344,67.62930672268908
225.43417366946778,67.6139005602241
225.65826330532215,67.59849439775911
225.8823529411765,67.58308823529411
226.10644257703083,67.56768207282913
226.33053221288517,67.55227591036414
226.55462184873952,67.53686974789916
226.77871148459386,67.52146358543418
227.0028011204482,67.50605742296919
227.22689075630254,67.49065126050421
227.45098039215688,67.47524509803922
227.67507002801122,67.45983893557423
227.89915966386556,67.44443277310924
228.1232492997199,67.42902661064426
228.34733893557424,67.41362044817927
228.57142857142858,67.39821428571429
228.79551820728292,67.3828081232493
229.01960784313727,67.36740196078432
229.2436974789916,67.35199579831932
229.46778711484595,67.33658963585434
229.6918767507003,67.32118347338935
229.91596638655463,67.30577731092437
230.14005602240897,67.29037114845939
230.3641456582633,67.2749649859944
230.58823529411765,67.25955882352942
230.812324929972,67.24415266106443
231.03641456582633,67.22874649859943
231.26050420168067,67.21334033613445
231.48459383753502,67.19793417366947
231.70868347338936,67.18252801120448
231.9327731092437,67.1671218487395
232.15686274509804,67.15171568627451
232.38095238095238,67.13630952380953
232.60504201680672,67.12090336134455
232.82913165266106,67.10549719887955
233.0532212885154,67.09009103641456
233.27731092436974,67.07468487394958
233.5014005602241,67.0592787114846
233.72549019607845,67.04387254901961
233.9495798319328,67.02846638655463
234.17366946778714,67.01306022408963
234.39775910364148,66.99765406162464
234.62184873949582,66.98224789915966
234.84593837535016,66.96684173669468
235.0700280112045,66.95143557422969
235.29411764705884,66.93602941176471
235.51820728291318,66.92062324929972
235.74229691876752,66.90521708683474
235.96638655462186,66.88981092436974
236.1904761904762,66.87440476190476
236.41456582633054,66.85899859943977
236.6386554621849,66.84359243697479
236.86274509803923,66.8281862745098
237.08683473389357,66.81278011204482
237.3109243697479,66.79737394957984
237.53501400560225,66.78196778711485
237.7591036414566,66.76656162464985
237.98319327731093,66.75115546218487
238.20728291316527,66.74179505135388
238.4313725490196,66.73292483660131
238.65546218487395,66.72405462184874
238.8795518207283,66.71518440709617
239.10364145658264,66.7063141923436
239.32773109243698,66.69744397759104
239.55182072829132,66.68857376283847
239.77591036414566,66.6797035480859
240.0,66.67083333333333
240.22408963585434,66.66196311858077
240.44817927170868,66.6530929038282
240.67226890756302,66.64422268907563
240.89635854341736,66.63535247432306
241.1204481792717,66.6264822595705
241.34453781512607,66.61761204481793
241.56862745098042,66.60874183006536
241.79271708683476,66.5998716153128
242.0168067226891,66.59100140056022
242.24089635854344,66.58213118580765
242.46498599439778,66.57326097105509
242.68907563025212,66.56439075630252
242.91316526610646,66.55552054154995
243.1372549019608,66.54665032679739
243.36134453781514,66.53778011204481
243.58543417366948,66.52890989729225
243.80952380952382,66.52003968253968
244.03361344537817,66.51116946778711
244.2577030812325,66.50229925303455
244.48179271708685,66.49342903828197
244.7058823529412,66.48455882352941
244.92997198879553,66.47568860877685
245.15406162464987,66.46681839402427
245.3781512605042,66.45794817927171
245.60224089635855,66.44907796451913
245.8263305322129,66.44020774976657
246.05042016806723,66.43133753501401
246.27450980392157,66.42246732026143
246.49859943977592,66.41359710550887
246.72268907563026,66.40472689075631
246.9467787114846,66.39585667600373
247.17086834733894,66.38698646125117
247.39495798319328,66.37811624649859
247.61904761904762,66.36924603174603
247.84313725490196,66.36037581699347
248.0672268907563,66.35150560224089
248.29131652661064,66.34263538748833
248.51540616246498,66.33376517273577
248.73949579831933,66.32489495798319
248.96358543417367,66.31602474323063
249.187675070028,66.30715452847805
249.41176470588238,66.29828431372549
249.63585434173672,66.28941409897293
249.85994397759106,66.28054388422035
250.0840336134454,66.27167366946779
250.30812324929974,66.26280345471521
250.53221288515408,66.25393323996265
250.75630252100842,66.24506302521009
250.98039215686276,66.23619281045751
251.2044817927171,66.22732259570495
251.42857142857144,66.21845238095239
251.65266106442579,66.20958216619981
251.87675070028013,66.20071195144725
252.10084033613447,66.19184173669467
252.3249299719888,66.18297152194211
252.54901960784315,66.17410130718955
252.7731092436975,66.16523109243697
252.99719887955183,66.1563608776844
253.22128851540617,66.14749066293184
253.4453781512605,66.13862044817927
253.66946778711485,66.1297502334267
253.8935574229692,66.12088001867413
254.11764705882354,66.11200980392157
254.34173669467788,66.103139589169
254.56582633053222,66.09426937441643
254.78991596638656,66.08539915966387
255.0140056022409,66.0765289449113
255.23809523809524,66.06765873015873
255.46218487394958,66.05878851540616
255.68627450980392,66.04991830065359
255.91036414565826,66.04104808590102
256.1344537815126,66.03217787114846
256.35854341736695,66.02330765639589
256.5826330532213,66.01443744164332
256.8067226890756,66.00556722689075
257.03081232492997,65.99669701213818
257.2549019607843,65.98782679738562
257.47899159663865,65.97895658263305
257.703081232493,65.97008636788048
257.92717086834733,65.96121615312792
258.1512605042017,65.95234593837534
258.375350140056,65.94347572362278
258.59943977591035,65.9346055088702
258.8235294117647,65.92573529411764
259.04761904761904,65.91686507936508
259.2717086834734,65.9079948646125
259.4957983193277,65.89912464985994
259.71988795518206,65.89025443510738
259.9439775910364,65.8813842203548
260.16806722689074,65.87251400560224
260.3921568627451,65.86364379084966
260.6162464985994,65.8547735760971
260.84033613445376,65.84590336134454
261.0644257703081,65.83703314659196
261.2885154061625,65.8281629318394
261.51260504201684,65.81929271708682
261.7366946778712,65.81042250233426
261.9607843137255,65.8015522875817
262.18487394957987,65.79306722689076
262.4089635854342,65.78466386554622
262.63305322128855,65.77626050420167
262.8571428571429,65.76785714285714
263.08123249299723,65.7594537815126
263.30532212885157,65.75105042016807
263.5294117647059,65.74264705882352
263.75350140056025,65.73424369747899
263.9775910364146,65.72584033613445
264.20168067226894,65.71743697478992
264.4257703081233,65.70903361344537
264.6498599439776,65.70063025210084
264.87394957983196,65.6922268907563
265.0980392156863,65.68382352941177
265.32212885154064,65.67542016806722
265.546218487395,65.66701680672269
265.7703081232493,65.65861344537815
265.99439775910366,65.65021008403362
266.218487394958,65.64180672268907
266.44257703081234,65.63340336134453
266.6666666666667,65.625
266.890756302521,65.61659663865547
267.11484593837537,65.60819327731092
267.3389355742297,65.59978991596638
267.56302521008405,65.59138655462185
267.7871148459384,65.58298319327731
268.01120448179273,65.57457983193277
268.2352941176471,65.56617647058823
268.4593837535014,65.5577731092437
268.68347338935575,65.54936974789916
268.9075630252101,65.54096638655462
269.13165266106444,65.53256302521008
269.3557422969188,65.52415966386555
269.5798319327731,65.51575630252101
269.80392156862746,65.50735294117646
270.0280112044818,65.49894957983193
270.25210084033614,65.4905462184874
270.4761904761905,65.48214285714286
270.7002801120448,65.47373949579831
270.92436974789916,65.46533613445378
271.1484593837535,65.45693277310924
271.37254901960785,65.44852941176471
271.5966386554622,65.44012605042016
271.8207282913165,65.43172268907563
272.04481792717087,65.4233193277311
272.2689075630252,65.41491596638656
272.49299719887955,65.40651260504202
272.7170868347339,65.39810924369748
272.94117647058823,65.38970588235294
273.1652661064426,65.38130252100841
273.3893557422969,65.37289915966387
273.61344537815125,65.36449579831933
273.8375350140056,65.35609243697479
274.06162464985994,65.34768907563026
274.2857142857143,65.33928571428572
274.5098039215686,65.33088235294117
274.73389355742296,65.32247899159664
274.9579831932773,65.3140756302521
275.18207282913164,65.30567226890757
275.406162464986,65.29726890756302
275.6302521008403,65.28886554621849
275.85434173669466,65.28046218487395
276.078431372549,65.27205882352942
276.30252100840335,65.26365546218487
276.5266106442577,65.25525210084034
276.750700280112,65.2468487394958
276.9747899159664,65.23844537815125
277.19887955182077,65.23004201680672
277.4229691876751,65.22163865546219
277.64705882352945,65.21323529411765
277.8711484593838,65.20483193277312
278.09523809523813,65.19642857142857
278.31932773109247,65.18802521008404
278.5434173669468,65.1796218487395
278.76750700280115,65.17121848739497
278.9915966386555,65.16281512605042
279.21568627450984,65.15441176470588
279.4397759103642,65.14600840336135
279.6638655462185,65.13760504201682
279.88795518207286,65.12920168067227
280.1120448179272,65.12079831932773
280.33613445378154,65.1123949579832
280.5602240896359,65.10399159663866
280.7843137254902,65.09558823529412
281.00840336134456,65.08718487394958
281.2324929971989,65.07878151260505
281.45658263305324,65.07037815126051
281.6806722689076,65.06197478991596
281.9047619047619,65.05357142857143
282.12885154061627,65.0451680672269
282.3529411764706,65.03676470588236
282.57703081232495,65.02836134453781
282.8011204481793,65.01995798319328
283.02521008403363,65.01155462184875
283.249299719888,65.00315126050421
283.4733893557423,64.99474789915966
283.69747899159665,64.98634453781513
283.921568627451,64.9779411764706
284.14565826330534,64.96953781512606
284.3697478991597,64.96113445378151
284.593837535014,64.95273109243698
284.81792717086836,64.94432773109244
285.0420168067227,64.93592436974791
285.26610644257704,64.92752100840336
285.4901960784314,64.91911764705883
285.7142857142857,64.91071428571429
285.93837535014006,64.90231092436976
286.1624649859944,64.89593837535014
286.38655462184875,64.89033613445379
286.6106442577031,64.88473389355742
286.8347338935574,64.87913165266107
287.05882352941177,64.87352941176471
287.2829131652661,64.86792717086836
287.50700280112045,64.86232492997199
287.7310924369748,64.85672268907564
287.95518207282913,64.85112044817927
288.1792717086835,64.84551820728292
288.4033613445378,64.83991596638656
288.62745098039215,64.8343137254902
288.8515406162465,64.82871148459384
289.07563025210084,64.82310924369749
289.2997198879552,64.81750700280112
289.5238095238095,64.81190476190477
289.74789915966386,64.8063025210084
289.9719887955182,64.80070028011205
290.19607843137254,64.79509803921569
290.4201680672269,64.78949579831934
290.6442577030812,64.78389355742297
290.86834733893556,64.77829131652662
291.0924369747899,64.77268907563025
291.31652661064425,64.7670868347339
291.5406162464986,64.76148459383754
291.7647058823529,64.75588235294119
291.98879551820727,64.75028011204482
292.2128851540616,64.74467787114847
292.43697478991595,64.7390756302521
292.6610644257703,64.73347338935575
292.8851540616247,64.72787114845939
293.10924369747903,64.72226890756303
293.33333333333337,64.71666666666667
293.5574229691877,64.71106442577032
293.78151260504205,64.70546218487395
294.0056022408964,64.6998599439776
294.22969187675073,64.69425770308123
294.4537815126051,64.68865546218487
294.6778711484594,64.68305322128852
294.90196078431376,64.67745098039215
295.1260504201681,64.6718487394958
295.35014005602244,64.66624649859943
295.5742296918768,64.66064425770308
295.7983193277311,64.65504201680672
296.02240896358546,64.64943977591037
296.2464985994398,64.643837535014
296.47058823529414,64.63823529411765
296.6946778711485,64.63263305322128
296.9187675070028,64.62703081232493
297.14285714285717,64.62142857142857
297.3669467787115,64.61582633053222
297.59103641456585,64.61022408963585
297.8151260504202,64.6046218487395
298.03921568627453,64.59901960784313
298.2633053221289,64.59341736694678
298.4873949579832,64.58781512605042
298.71148459383755,64.58221288515406
298.9355742296919,64.5766106442577
299.15966386554624,64.57100840336135
299.3837535014006,64.56540616246498
299.6078431372549,64.55980392156863
299.83193277310926,64.55420168067226
300.0560224089636,64.54859943977591
300.28011204481794,64.54299719887955
300.5042016806723,64.5373949579832
300.7282913165266,64.53179271708683
300.95238095238096,64.52619047619048
301.1764705882353,64.52058823529411
301.40056022408965,64.51498599439776
301.624649859944,64.5093837535014
301.8487394957983,64.50378151260504
302.07282913165267,64.49817927170868
302.296918767507,64.49257703081233
302.52100840336135,64.48697478991596
302.7450980392157,64.48137254901961
302.96918767507003,64.47577030812324
303.1932773109244,64.4701680672269
303.4173669467787,64.46456582633053
303.64145658263305,64.45896358543418
303.8655462184874,64.45336134453781
304.08963585434174,64.44775910364146
304.3137254901961,64.4421568627451
304.5378151260504,64.43655462184874
304.76190476190476,64.43095238095238
304.9859943977591,64.42535014005603
305.21008403361344,64.41974789915966
305.4341736694678,64.41414565826331
305.6582633053221,64.40854341736694
305.88235294117646,64.40294117647059
306.1064425770308,64.39733893557423
306.33053221288515,64.39173669467787
306.5546218487395,64.38613445378151
306.7787114845938,64.38053221288516
307.00280112044817,64.37492997198879
307.2268907563025,64.36932773109244
307.45098039215685,64.36372549019607
307.6750700280112,64.35812324929972
307.89915966386553,64.35252100840336
308.1232492997199,64.346918767507
308.3473389355742,64.34131652661064
308.57142857142856,64.33571428571429
308.79551820728295,64.33011204481792
309.0196078431373,64.32450980392157
309.24369747899163,64.3189075630252
309.467787114846,64.31330532212885
309.6918767507003,64.30770308123249
309.91596638655466,64.30210084033612
310.140056022409,64.29766573295984
310.36414565826334,64.2939309056956
310.5882352941177,64.29019607843136
310.812324929972,64.28646125116713
311.03641456582636,64.28272642390289
311.2605042016807,64.27899159663865
311.48459383753504,64.27525676937441
311.7086834733894,64.27152194211017
311.9327731092437,64.26778711484593
312.15686274509807,64.26405228758169
312.3809523809524,64.26031746031745
312.60504201680675,64.25658263305321
312.8291316526611,64.25284780578897
313.05322128851543,64.24911297852474
313.2773109243698,64.2453781512605
313.5014005602241,64.24164332399626
313.72549019607845,64.23790849673202
313.9495798319328,64.23417366946778
314.17366946778714,64.23043884220354
314.3977591036415,64.2267040149393
314.6218487394958,64.22296918767506
314.84593837535016,64.21923436041082
315.0700280112045,64.21549953314658
315.29411764705884,64.21176470588235
315.5182072829132,64.2080298786181
315.7422969187675,64.20429505135387
315.96638655462186,64.20056022408963
316.1904761904762,64.19682539682539
316.41456582633054,64.19309056956115
316.6386554621849,64.18935574229691
316.8627450980392,64.18562091503267
317.08683473389357,64.18188608776843
317.3109243697479,64.1781512605042
317.53501400560225,64.17441643323995
317.7591036414566,64.17068160597572
317.98319327731093,64.16694677871148
318.2072829131653,64.16321195144724
318.4313725490196,64.159477124183
318.65546218487395,64.15574229691876
318.8795518207283,64.15200746965452
319.10364145658264,64.14827264239028
319.327731092437,64.14453781512604
319.5518207282913,64.1408029878618
319.77591036414566,64.13706816059756
320.0,64.13333333333333
320.22408963585434,64.12959850606909
320.4481792717087,64.12586367880485
320.672268907563,64.12212885154061
320.89635854341736,64.11839402427637
321.1204481792717,64.11465919701213
321.34453781512605,64.11092436974789
321.5686274509804,64.10718954248365
321.7927170868347,64.10345471521941
322.01680672268907,64.09971988795517
322.2408963585434,64.09598506069094
322.46498599439775,64.0922502334267
322.6890756302521,64.08851540616246
322.91316526610643,64.08478057889822
323.1372549019608,64.08104575163398
323.3613445378151,64.07731092436974
323.58543417366946,64.0735760971055
323.8095238095238,64.06984126984126
324.03361344537814,64.06610644257702
324.2577030812325,64.06237161531278
324.4817927170869,64.05863678804855
324.7058823529412,64.0549019607843
324.92997198879556,64.05116713352007
325.1540616246499,64.04743230625583
325.37815126050424,64.04369747899159
325.6022408963586,64.03996265172735
325.8263305322129,64.03622782446311
326.05042016806726,64.03249299719887
326.2745098039216,64.02875816993463
326.49859943977594,64.0250233426704
326.7226890756303,64.02128851540616
326.9467787114846,64.01755368814192
327.17086834733897,64.01381886087768
327.3949579831933,64.01008403361344
327.61904761904765,64.0063492063492
327.843137254902,64.00261437908496
328.06722689075633,63.99887955182073
328.2913165266107,63.99514472455649
328.515406162465,63.99140989729225
328.73949579831935,63.98767507002801
328.9635854341737,63.98394024276377
329.18767507002804,63.98020541549953
329.4117647058824,63.976470588235294
329.6358543417367,63.972735760971055
329.85994397759106,63.969000933706816
330.0840336134454,63.96526610644258
330.30812324929974,63.96153127917834
330.5322128851541,63.9577964519141
330.7563025210084,63.95406162464986
330.98039215686276,63.95032679738562
331.2044817927171,63.94659197012138
331.42857142857144,63.94285714285714
331.6526610644258,63.939122315592904
331.8767507002801,63.935387488328665
332.10084033613447,63.931652661064426
332.3249299719888,63.92791783380019
332.54901960784315,63.92418300653595
332.7731092436975,63.92044817927171
332.99719887955183,63.91671335200747
333.2212885154062,63.91297852474323
333.4453781512605,63.90924369747899
333.66946778711485,63.90550887021475
333.8935574229692,63.901774042950514
334.11764705882354,63.89411764705882
334.3417366946779,63.8829131652661
334.5658263305322,63.871708683473386
334.78991596638656,63.86050420168067
335.0140056022409,63.84929971988795
335.23809523809524,63.838095238095235
335.4621848739496,63.82689075630252
335.6862745098039,63.8156862745098
335.91036414565826,63.804481792717084
336.1344537815126,63.79327731092437
336.35854341736695,63.78207282913165
336.5826330532213,63.77086834733893
336.8067226890756,63.759663865546216
337.03081232492997,63.7484593837535
337.2549019607843,63.73725490196078
337.47899159663865,63.726050420168065
337.703081232493,63.71484593837535
337.92717086834733,63.70364145658263
338.1512605042017,63.69243697478991
338.375350140056,63.6812324929972
338.59943977591035,63.67002801120448
338.8235294117647,63.65882352941176
339.04761904761904,63.647619047619045
339.2717086834734,63.63641456582633
339.4957983193277,63.62521008403361
339.71988795518206,63.614005602240894
339.9439775910364,63.60280112044818
340.16806722689074,63.59159663865546
340.39215686274514,63.58039215686274
340.6162464985995,63.569187675070026
340.8403361344538,63.55798319327731
341.06442577030816,63.54677871148459
341.2885154061625,63.535574229691875
341.51260504201684,63.52436974789916
341.7366946778712,63.51316526610644
341.9607843137255,63.501960784313724
342.18487394957987,63.49075630252101
342.4089635854342,63.47955182072829
342.63305322128855,63.46834733893557
342.8571428571429,63.457142857142856
343.08123249299723,63.44593837535014
343.30532212885157,63.43473389355742
343.5294117647059,63.423529411764704
343.75350140056025,63.41232492997199
343.9775910364146,63.40112044817927
344.20168067226894,63.38991596638655
344.4257703081233,63.378711484593836
344.6498599439776,63.36750700280112
344.87394957983196,63.3563025210084
345.0980392156863,63.345098039215685
345.32212885154064,63.33389355742297
345.546218487395,63.32268907563025
345.7703081232493,63.311484593837534
345.99439775910366,63.30028011204482
346.218487394958,63.2890756302521
346.44257703081234,63.27787114845938
346.6666666666667,63.266666666666666
346.890756302521,63.25546218487395
347.11484593837537,63.24425770308123
347.3389355742297,63.233053221288515
347.56302521008405,63.2218487394958
347.7871148459384,63.21064425770308
348.01120448179273,63.19943977591036
348.2352941176471,63.188235294117646
348.4593837535014,63.17703081232493
348.68347338935575,63.16582633053221
348.9075630252101,63.154621848739495
349.13165266106444,63.14341736694678
349.3557422969188,63.13221288515406
349.5798319327731,63.121008403361344
349.80392156862746,63.10980392156863
350.0280112044818,63.09859943977591
350.25210084033614,63.08739495798319
350.4761904761905,63.076190476190476
350.7002801120448,63.06498599439776
350.92436974789916,63.05378151260504
351.1484593837535,63.042577030812325
351.37254901960785,63.03137254901961
351.5966386554622,63.02016806722689
351.8207282913165,63.008963585434174
352.04481792717087,62.99775910364146
352.2689075630252,62.98655462184874
352.49299719887955,62.97535014005602
352.7170868347339,62.964145658263305
352.94117647058823,62.95294117647059
353.1652661064426,62.94173669467787
353.3893557422969,62.930532212885154
353.61344537815125,62.91932773109244
353.8375350140056,62.90812324929972
354.06162464985994,62.896918767507
354.2857142857143,62.885714285714286
354.5098039215686,62.87450980392157
354.73389355742296,62.86330532212885
354.9579831932773,62.852100840336135
355.18207282913164,62.84089635854342
355.406162464986,62.8296918767507
355.6302521008403,62.818487394957984
355.85434173669466,62.80728291316527
356.07843137254906,62.79607843137255
356.3025210084034,62.78487394957983
356.52661064425774,62.773669467787116
356.7507002801121,62.7624649859944
356.9747899159664,62.75126050420168
357.19887955182077,62.740056022408965
357.4229691876751,62.72885154061625
357.64705882352945,62.71764705882353
357.8711484593838,62.70644257703081
358.09523809523813,62.698015873015876
358.31932773109247,62.693347338935574
358.5434173669468,62.68867880485528
358.76750700280115,62.68401027077498
358.9915966386555,62.67934173669468
359.21568627450984,62.67467320261438
359.4397759103642,62.670004668534084
359.6638655462185,62.66533613445378
359.88795518207286,62.660667600373486
360.1120448179272,62.655999066293184
360.33613445378154,62.65133053221289
360.5602240896359,62.646661998132586
360.7843137254902,62.64199346405229
361.00840336134456,62.63732492997199
361.2324929971989,62.63265639589169
361.45658263305324,62.62798786181139
361.6806722689076,62.623319327731096
361.9047619047619,62.618650793650794
362.12885154061627,62.6139822595705
362.3529411764706,62.609313725490196
362.57703081232495,62.6046451914099
362.8011204481793,62.5999766573296
363.02521008403363,62.5953081232493
363.249299719888,62.590639589169
363.4733893557423,62.585971055088706
363.69747899159665,62.5813025210084
363.921568627451,62.57663398692811
364.14565826330534,62.571965452847806
364.3697478991597,62.56729691876751
364.593837535014,62.56262838468721
364.81792717086836,62.55795985060691
365.0420168067227,62.55329131652661
365.26610644257704,62.548622782446316
365.4901960784314,62.54395424836601
365.7142857142857,62.53928571428572
365.93837535014006,62.534617180205416
366.1624649859944,62.52994864612512
366.38655462184875,62.52528011204482
366.6106442577031,62.52061157796452
366.8347338935574,62.51594304388422
367.05882352941177,62.511274509803926
367.2829131652661,62.50660597572362
367.50700280112045,62.50193744164333
367.7310924369748,62.497268907563026
367.95518207282913,62.49260037348273
368.1792717086835,62.48793183940243
368.4033613445378,62.48326330532213
368.62745098039215,62.47859477124183
368.8515406162465,62.473926237161535
369.07563025210084,62.46925770308123
369.2997198879552,62.46458916900094
369.5238095238095,62.459920634920636
369.74789915966386,62.45525210084034
369.9719887955182,62.45058356676004
370.19607843137254,62.44591503267974
370.4201680672269,62.44124649859944
370.6442577030812,62.436577964519145
370.86834733893556,62.43190943043884
371.0924369747899,62.42724089635855
371.31652661064425,62.422572362278245
371.5406162464986,62.41790382819795
371.7647058823529,62.41323529411765
371.9887955182073,62.40856676003735
372.21288515406167,62.40389822595705
372.436974789916,62.399229691876755
372.66106442577035,62.39456115779645
372.8851540616247,62.38989262371616
373.10924369747903,62.385224089635855
373.33333333333337,62.38055555555556
373.5574229691877,62.37588702147526
373.78151260504205,62.37121848739496
374.0056022408964,62.36654995331466
374.22969187675073,62.361881419234365
374.4537815126051,62.35721288515406
374.6778711484594,62.35254435107377
374.90196078431376,62.347875816993465
375.1260504201681,62.34320728291317
375.35014005602244,62.33853874883287
375.5742296918768,62.33387021475257
375.7983193277311,62.32920168067227
376.02240896358546,62.324533146591975
376.2464985994398,62.31986461251167
376.47058823529414,62.31519607843138
376.6946778711485,62.310527544351075
376.9187675070028,62.30585901027078
377.14285714285717,62.30119047619048
377.3669467787115,62.29652194211018
377.59103641456585,62.29185340802988
377.8151260504202,62.287184873949585
378.03921568627453,62.28251633986928
378.2633053221289,62.27784780578899
378.4873949579832,62.273179271708685
378.71148459383755,62.26851073762839
378.9355742296919,62.26384220354809
379.15966386554624,62.25917366946779
379.3837535014006,62.25450513538749
379.6078431372549,62.249836601307194
379.83193277310926,62.24516806722689
380.0560224089636,62.2404995331466
380.28011204481794,62.235830999066295
380.5042016806723,62.231162464986
380.7282913165266,62.2264939309057
380.95238095238096,62.2218253968254
381.1764705882353,62.2171568627451
381.40056022408965,62.212488328664804
381.624649859944,62.2078197945845
381.8487394957983,62.20315126050421
382.07282913165267,62.196965452847806
382.296918767507,62.18762838468721
382.52100840336135,62.17829131652661
382.7450980392157,62.16895424836601
382.96918767507003,62.159617180205416
383.1932773109244,62.15028011204482
383.4173669467787,62.14094304388422
383.64145658263305,62.13160597572362
383.8655462184874,62.122268907563026
384.08963585434174,62.11293183940243
384.3137254901961,62.10359477124183
384.5378151260504,62.09425770308123
384.76190476190476,62.084920634920636
384.9859943977591,62.07558356676004
385.21008403361344,62.06624649859944
385.4341736694678,62.05690943043884
385.6582633053221,62.047572362278245
385.88235294117646,62.03823529411765
386.1064425770308,62.02889822595705
386.33053221288515,62.01956115779645
386.5546218487395,62.010224089635855
386.7787114845938,62.00088702147526
387.00280112044817,61.99154995331466
387.2268907563025,61.98221288515406
387.45098039215685,61.972875816993465
387.6750700280112,61.96353874883287
387.8991596638656,61.95420168067227
388.12324929971993,61.94486461251167
388.34733893557427,61.935527544351075
388.5714285714286,61.92619047619048
388.79551820728295,61.91685340802988
389.0196078431373,61.90751633986928
389.24369747899163,61.898179271708685
389.467787114846,61.88884220354809
389.6918767507003,61.87950513538749
389.91596638655466,61.87016806722689
390.140056022409,61.860830999066295
390.36414565826334,61.8514939309057
390.5882352941177,61.8421568627451
390.812324929972,61.8328197945845
391.03641456582636,61.823482726423904
391.2605042016807,61.81414565826331
391.48459383753504,61.80480859010271
391.7086834733894,61.79547152194211
391.9327731092437,61.786134453781514
392.15686274509807,61.77679738562092
392.3809523809524,61.76746031746032
392.60504201680675,61.75812324929972
392.8291316526611,61.748786181139124
393.05322128851543,61.73944911297853
393.2773109243698,61.73011204481793
393.5014005602241,61.72077497665733
393.72549019607845,61.711437908496734
393.9495798319328,61.702100840336136
394.17366946778714,61.69276377217554
394.3977591036415,61.68342670401494
394.6218487394958,61.674089635854344
394.84593837535016,61.664752567693746
395.0700280112045,61.65541549953315
395.29411764705884,61.64607843137255
395.5182072829132,61.636741363211954
395.7422969187675,61.627404295051356
395.96638655462186,61.61806722689076
396.1904761904762,61.60873015873016
396.41456582633054,61.59939309056956
396.6386554621849,61.590056022408966
396.8627450980392,61.58071895424837
397.08683473389357,61.57138188608777
397.3109243697479,61.56204481792717
397.53501400560225,61.552707749766576
397.7591036414566,61.54337068160598
397.98319327731093,61.53403361344538
398.2072829131653,61.52469654528478
398.4313725490196,61.515359477124186
398.65546218487395,61.50602240896359
398.8795518207283,61.49668534080299
399.10364145658264,61.48734827264239
399.327731092437,61.478011204481795
399.5518207282913,61.4686741363212
399.77591036414566,61.4593370681606
400.0,61.45
400.22408963585434,61.440662931839405
400.4481792717087,61.43132586367881
400.672268907563,61.42198879551821
400.89635854341736,61.41265172735761
401.1204481792717,61.403314659197015
401.34453781512605,61.39397759103642
401.5686274509804,61.38464052287582
401.7927170868347,61.37530345471522
402.01680672268907,61.365966386554625
402.2408963585434,61.35662931839403
402.46498599439775,61.34729225023343
402.6890756302521,61.33795518207283
402.91316526610643,61.328618113912235
403.1372549019608,61.31928104575164
403.3613445378151,61.30994397759104
403.5854341736695,61.30060690943044
403.80952380952385,61.291269841269845
404.0336134453782,61.28193277310925
404.25770308123253,61.27259570494865
404.4817927170869,61.26325863678805
404.7058823529412,61.253921568627455
404.92997198879556,61.24458450046686
405.1540616246499,61.23524743230626
405.37815126050424,61.22591036414566
405.6022408963586,61.216573295985064
405.8263305322129,61.20723622782447
406.05042016806726,61.1968487394958
406.2745098039216,61.182843137254906
406.49859943977594,61.168837535014006
406.7226890756303,61.15483193277311
406.9467787114846,61.140826330532214
407.17086834733897,61.12682072829132
407.3949579831933,61.11281512605042
407.61904761904765,61.09880952380952
407.843137254902,61.08480392156863
408.06722689075633,61.070798319327736
408.2913165266107,61.056792717086836
408.515406162465,61.042787114845936
408.73949579831935,61.02878151260504
408.9635854341737,61.01477591036415
409.18767507002804,61.00077030812325
409.4117647058824,60.98676470588235
409.6358543417367,60.97275910364146
409.85994397759106,60.958753501400565
410.0840336134454,60.944747899159665
410.30812324929974,60.930742296918766
410.5322128851541,60.91673669467787
410.7563025210084,60.90273109243698
410.98039215686276,60.88872549019608
411.2044817927171,60.87471988795518
411.42857142857144,60.86071428571429
411.6526610644258,60.846708683473395
411.8767507002801,60.832703081232495
412.10084033613447,60.818697478991595
412.3249299719888,60.8046918767507
412.54901960784315,60.79068627450981
412.7731092436975,60.77668067226891
412.99719887955183,60.76267507002801
413.2212885154062,60.74866946778712
413.4453781512605,60.734663865546224
413.66946778711485,60.720658263305324
413.8935574229692,60.706652661064425
414.11764705882354,60.69264705882353
414.3417366946779,60.67864145658264
414.5658263305322,60.66463585434174
414.78991596638656,60.65063025210084
415.0140056022409,60.63662464985995
415.23809523809524,60.622619047619054
415.4621848739496,60.608613445378154
415.6862745098039,60.594607843137254
415.91036414565826,60.58060224089636
416.1344537815126,60.56659663865547
416.35854341736695,60.55259103641457
416.5826330532213,60.53858543417367
416.8067226890756,60.524579831932776
417.03081232492997,60.51057422969188
417.2549019607843,60.49656862745098
417.47899159663865,60.482563025210084
417.703081232493,60.46855742296919
417.92717086834733,60.4545518207283
418.1512605042017,60.4405462184874
418.375350140056,60.4265406162465
418.59943977591035,60.412535014005606
418.8235294117647,60.39852941176471
419.04761904761904,60.38452380952381
419.2717086834734,60.37051820728291
419.4957983193278,60.35651260504201
419.7198879551821,60.34250700280112
419.94397759103646,60.32850140056023
420.1680672268908,60.31449579831933
420.39215686274514,60.30049019607843
420.6162464985995,60.286484593837535
420.8403361344538,60.27247899159664
421.06442577030816,60.25847338935574
421.2885154061625,60.24446778711484
421.51260504201684,60.23046218487395
421.7366946778712,60.21645658263306
421.9607843137255,60.20245098039216
422.18487394957987,60.18844537815126
422.4089635854342,60.174439775910365
422.63305322128855,60.16043417366947
422.8571428571429,60.14642857142857
423.08123249299723,60.13242296918767
423.30532212885157,60.11841736694678
423.5294117647059,60.10441176470589
423.75350140056025,60.09040616246499
423.9775910364146,60.07640056022409
424.20168067226894,60.062394957983194
424.4257703081233,60.0483893557423
424.6498599439776,60.0343837535014
424.87394957983196,60.0203781512605
425.0980392156863,60.00637254901961
425.32212885154064,59.992366946778716
425.546218487395,59.97836134453782
425.7703081232493,59.96435574229692
425.99439775910366,59.950350140056024
426.218487394958,59.93634453781513
426.44257703081234,59.92233893557423
426.6666666666667,59.90833333333333
426.890756302521,59.89432773109244
427.11484593837537,59.880322128851546
427.3389355742297,59.866316526610646
427.56302521008405,59.852310924369746
427.7871148459384,59.83830532212885
428.01120448179273,59.82429971988796
428.2352941176471,59.81029411764706
428.4593837535014,59.79628851540616
428.68347338935575,59.78228291316527
428.9075630252101,59.768277310924375
429.13165266106444,59.754271708683476
429.3557422969188,59.740266106442576
429.5798319327731,59.72626050420168
429.80392156862746,59.71225490196079
430.0280112044818,59.69935807656396
430.25210084033614,59.69422268907563
430.4761904761905,59.68908730158731
430.7002801120448,59.68395191409898
430.92436974789916,59.678816526610646
431.1484593837535,59.673681139122316
431.37254901960785,59.66854575163399
431.5966386554622,59.66341036414566
431.8207282913165,59.65827497665733
432.04481792717087,59.653139589169
432.2689075630252,59.64800420168068
432.49299719887955,59.64286881419235
432.7170868347339,59.63773342670402
432.94117647058823,59.63259803921569
433.1652661064426,59.62746265172736
433.3893557422969,59.62232726423903
433.61344537815125,59.6171918767507
433.8375350140056,59.61205648926237
434.06162464985994,59.60692110177405
434.2857142857143,59.60178571428572
434.5098039215686,59.59665032679739
434.73389355742296,59.59151493930906
434.9579831932773,59.586379551820734
435.18207282913164,59.581244164332404
435.40616246498604,59.57610877684407
435.6302521008404,59.57097338935574
435.8543417366947,59.56583800186741
436.07843137254906,59.56070261437909
436.3025210084034,59.55556722689076
436.52661064425774,59.55043183940243
436.7507002801121,59.5452964519141
436.9747899159664,59.540161064425774
437.19887955182077,59.535025676937444
437.4229691876751,59.52989028944911
437.64705882352945,59.52475490196078
437.8711484593838,59.51961951447246
438.09523809523813,59.51448412698413
438.31932773109247,59.5093487394958
438.5434173669468,59.50421335200747
438.76750700280115,59.499077964519145
438.9915966386555,59.493942577030815
439.21568627450984,59.488807189542484
439.4397759103642,59.483671802054154
439.6638655462185,59.47853641456583
439.88795518207286,59.4734010270775
440.1120448179272,59.46826563958917
440.33613445378154,59.46313025210084
440.5602240896359,59.457994864612516
440.7843137254902,59.452859477124186
441.00840336134456,59.447724089635855
441.2324929971989,59.442588702147525
441.45658263305324,59.4374533146592
441.6806722689076,59.43231792717087
441.9047619047619,59.42718253968254
442.12885154061627,59.42204715219421
442.3529411764706,59.41691176470589
442.57703081232495,59.411776377217556
442.8011204481793,59.406640989729226
443.02521008403363,59.401505602240896
443.249299719888,59.39637021475257
443.4733893557423,59.39123482726424
443.69747899159665,59.38609943977591
443.921568627451,59.38096405228758
444.14565826330534,59.37582866479926
444.3697478991597,59.37069327731093
444.593837535014,59.3655578898226
444.81792717086836,59.360422502334266
445.0420168067227,59.35528711484594
445.26610644257704,59.35015172735761
445.4901960784314,59.34501633986928
445.7142857142857,59.33988095238095
445.93837535014006,59.33474556489263
446.1624649859944,59.3296101774043
446.38655462184875,59.32447478991597
446.6106442577031,59.31933940242764
446.8347338935574,59.314204014939314
447.05882352941177,59.30906862745098
447.2829131652661,59.30393323996265
447.50700280112045,59.29879785247432
447.7310924369748,59.293662464986
447.95518207282913,59.28852707749767
448.1792717086835,59.28339169000934
448.4033613445378,59.27825630252101
448.62745098039215,59.273120915032685
448.8515406162465,59.267985527544354
449.07563025210084,59.262850140056024
449.2997198879552,59.25771475256769
449.5238095238095,59.25257936507937
449.74789915966386,59.24744397759104
449.9719887955182,59.24230859010271
450.19607843137254,59.23717320261438
450.4201680672269,59.232037815126056
450.6442577030812,59.226902427637725
450.86834733893556,59.221767040149395
451.09243697478996,59.216631652661064
451.3165266106443,59.211496265172734
451.54061624649864,59.20636087768441
451.764705882353,59.20122549019608
451.9887955182073,59.19609010270775
452.21288515406167,59.19095471521942
452.436974789916,59.185819327731096
452.66106442577035,59.180683940242766
452.8851540616247,59.175548552754435
453.10924369747903,59.170413165266105
453.33333333333337,59.16527777777778
453.5574229691877,59.16014239028945
453.78151260504205,59.15500700280112
454.0056022408964,59.14987161531279
454.22969187675073,59.14473622782447
454.4537815126051,59.139600840336136
454.6778711484594,59.134465452847806
454.90196078431376,59.129330065359476
455.1260504201681,59.12419467787115
455.35014005602244,59.11905929038282
455.5742296918768,59.11392390289449
455.7983193277311,59.10878851540616
456.02240896358546,59.10365312791784
456.2464985994398,59.09851774042951
456.47058823529414,59.09338235294118
456.6946778711485,59.088246965452846
456.9187675070028,59.08311157796452
457.14285714285717,59.07797619047619
457.3669467787115,59.07284080298786
457.59103641456585,59.06770541549953
457.8151260504202,59.06257002801121
458.03921568627453,59.05743464052288
458.2633053221289,59.05229925303455
458.4873949579832,59.04716386554622
458.71148459383755,59.042028478057894
458.9355742296919,59.03689309056956
459.15966386554624,59.03175770308123
459.3837535014006,59.0266223155929
459.6078431372549,59.02148692810458
459.83193277310926,59.01635154061625
460.0560224089636,59.01121615312792
460.28011204481794,59.00608076563959
460.5042016806723,59.000945378151265
460.7282913165266,58.995809990662934
460.95238095238096,58.990674603174604
461.1764705882353,58.98553921568627
461.40056022408965,58.98040382819795
461.624649859944,58.97526844070962
461.8487394957983,58.97013305322129
462.07282913165267,58.96499766573296
462.296918767507,58.959862278244636
462.52100840336135,58.954726890756305
462.7450980392157,58.949591503267975
462.96918767507003,58.944456115779644
463.1932773109244,58.93932072829132
463.4173669467787,58.93418534080299
463.64145658263305,58.92904995331466
463.8655462184874,58.92391456582633
464.08963585434174,58.918779178338006
464.3137254901961,58.913643790849676
464.5378151260504,58.908508403361346
464.76190476190476,58.903373015873015
464.9859943977591,58.89823762838469
465.21008403361344,58.89310224089636
465.4341736694678,58.88796685340803
465.6582633053221,58.8828314659197
465.88235294117646,58.87769607843138
466.1064425770308,58.87256069094305
466.33053221288515,58.867425303454716
466.5546218487395,58.862289915966386
466.7787114845938,58.85715452847806
467.0028011204482,58.85201914098973
467.22689075630257,58.8468837535014
467.4509803921569,58.84174836601307
467.67507002801125,58.83661297852474
467.8991596638656,58.83147759103642
468.12324929971993,58.82634220354809
468.34733893557427,58.82120681605976
468.5714285714286,58.816071428571426
468.79551820728295,58.8109360410831
469.0196078431373,58.80580065359477
469.24369747899163,58.80066526610644
469.467787114846,58.79552987861811
469.6918767507003,58.79039449112979
469.91596638655466,58.78525910364146
470.140056022409,58.78012371615313
470.36414565826334,58.7749883286648
470.5882352941177,58.769852941176474
470.812324929972,58.76471755368814
471.03641456582636,58.75958216619981
471.2605042016807,58.75444677871148
471.48459383753504,58.74931139122316
471.7086834733894,58.74417600373483
471.9327731092437,58.7390406162465
472.15686274509807,58.73390522875817
472.3809523809524,58.728769841269845
472.60504201680675,58.723634453781514
472.8291316526611,58.718499066293184
473.05322128851543,58.71336367880485
473.2773109243698,58.70822829131653
473.5014005602241,58.7030929038282
473.72549019607845,58.69795751633987
473.9495798319328,58.69282212885154
474.17366946778714,58.687686741363216
474.3977591036415,58.682551353874885
474.6218487394958,58.677415966386555
474.84593837535016,58.672280578898224
475.0700280112045,58.6671451914099
475.29411764705884,58.66200980392157
475.5182072829132,58.65687441643324
475.7422969187675,58.65173902894491
475.96638655462186,58.646603641456586
476.1904761904762,58.641468253968256
476.41456582633054,58.636332866479925
476.6386554621849,58.631197478991595
476.8627450980392,58.62606209150327
477.08683473389357,58.62092670401494
477.3109243697479,58.61579131652661
477.53501400560225,58.61065592903828
477.7591036414566,58.60552054154996
477.98319327731093,58.60038515406163
478.2072829131653,58.5916581266653
478.4313725490196,58.582639885222385
478.65546218487395,58.57362164377946
478.8795518207283,58.564603402336544
479.10364145658264,58.55558516089363
479.327731092437,58.54656691945071
479.5518207282913,58.53754867800779
479.77591036414566,58.52853043656487
480.0,58.519512195121955
480.22408963585434,58.51049395367903
480.4481792717087,58.501475712236115
480.672268907563,58.4924574707932
480.89635854341736,58.48343922935028
481.1204481792717,58.47442098790736
481.34453781512605,58.46540274646444
481.5686274509804,58.456384505021525
481.7927170868347,58.4473662635786
482.01680672268907,58.438348022135685
482.2408963585434,58.42932978069277
482.46498599439775,58.420311539249845
482.68907563025215,58.41129329780693
482.9131652661065,58.40227505636401
483.13725490196083,58.39325681492109
483.36134453781517,58.38423857347817
483.5854341736695,58.375220332035255
483.80952380952385,58.36620209059233
484.0336134453782,58.357183849149415
484.25770308123253,58.3481656077065
484.4817927170869,58.339147366263575
484.7058823529412,58.33012912482066
484.92997198879556,58.32111088337774
485.1540616246499,58.312092641934825
485.37815126050424,58.3030744004919
485.6022408963586,58.294056159048985
485.8263305322129,58.28503791760607
486.05042016806726,58.276019676163145
486.2745098039216,58.26700143472023
486.49859943977594,58.25798319327731
486.7226890756303,58.248964951834395
486.9467787114846,58.23994671039147
487.17086834733897,58.230928468948555
487.3949579831933,58.22191022750564
487.61904761904765,58.212891986062715
487.843137254902,58.2038737446198
488.06722689075633,58.19485550317688
488.2913165266107,58.18583726173396
488.515406162465,58.17681902029104
488.73949579831935,58.167800778848125
488.9635854341737,58.15878253740521
489.18767507002804,58.149764295962285
489.4117647058824,58.14074605451937
489.6358543417367,58.13172781307645
489.85994397759106,58.12270957163353
490.0840336134454,58.11369133019061
490.30812324929974,58.104673088747695
490.5322128851541,58.09565484730478
490.7563025210084,58.086636605861855
490.98039215686276,58.07761836441894
491.2044817927171,58.06860012297602
491.42857142857144,58.0595818815331
491.6526610644258,58.05056364009018
491.8767507002801,58.041545398647266
492.10084033613447,58.03252715720434
492.3249299719888,58.023508915761425
492.54901960784315,58.01449067431851
492.7731092436975,58.00547243287559
492.99719887955183,57.99645419143267
493.2212885154062,57.98743594998975
493.4453781512605,57.978417708546836
493.66946778711485,57.96939946710391
493.8935574229692,57.960381225660996
494.11764705882354,57.95136298421808
494.3417366946779,57.94234474277516
494.5658263305322,57.93332650133224
494.78991596638656,57.92430825988932
495.0140056022409,57.915290018446406
495.23809523809524,57.90627177700348
495.4621848739496,57.897253535560566
495.6862745098039,57.88823529411765
495.91036414565826,57.879217052674726
496.1344537815126,57.87019881123181
496.35854341736695,57.86118056978889
496.5826330532213,57.852162328345976
496.8067226890756,57.84314408690305
497.03081232492997,57.834125845460136
497.2549019607843,57.82510760401722
497.47899159663865,57.816089362574296
497.703081232493,57.80707112113138
497.92717086834733,57.79805287968846
498.1512605042017,57.789034638245546
498.375350140056,57.78001639680262
498.5994397759104,57.770998155359706
498.82352941176475,57.76197991391678
499.0476190476191,57.752961672473866
499.27170868347343,57.74394343103095
499.4957983193278,57.734925189588026
499.7198879551821,57.72590694814511
499.94397759103646,57.71688870670219
500.1680672268908,57.707870465259276
500.39215686274514,57.69885222381635
500.6162464985995,57.689833982373436
500.8403361344538,57.68081574093052
501.06442577030816,57.671797499487596
501.2885154061625,57.66277925804468
501.51260504201684,57.65376101660176
501.7366946778712,57.644742775158846
501.9607843137255,57.63572453371592
502.18487394957987,57.626706292273006
502.4089635854342,57.61768805083009
502.63305322128855,57.608669809387166
502.8571428571429,57.59965156794425
503.08123249299723,57.59063332650133
503.30532212885157,57.58161508505841
503.5294117647059,57.57259684361549
503.75350140056025,57.563578602172576
503.9775910364146,57.55456036072966
504.20168067226894,57.545542119286736
504.4257703081233,57.53652387784382
504.6498599439776,57.5275056364009
504.87394957983196,57.51848739495798
505.0980392156863,57.50946915351506
505.32212885154064,57.50045091207215
505.546218487395,57.49143267062922
505.7703081232493,57.482414429186306
505.99439775910366,57.47339618774339
506.218487394958,57.46437794630047
506.44257703081234,57.45535970485755
506.6666666666667,57.44634146341463
506.890756302521,57.43732322197172
507.11484593837537,57.42830498052879
507.3389355742297,57.41928673908588
507.56302521008405,57.41026849764296
507.7871148459384,57.40125025620004
508.01120448179273,57.39223201475712
508.2352941176471,57.3832137733142
508.4593837535014,57.37419553187129
508.68347338935575,57.36517729042836
508.9075630252101,57.35615904898545
509.13165266106444,57.34714080754253
509.3557422969188,57.338122566099614
509.5798319327731,57.32910432465669
509.80392156862746,57.32008608321377
510.0280112044818,57.31106784177086
510.25210084033614,57.30204960032793
510.4761904761905,57.29303135888502
510.7002801120448,57.2840131174421
510.92436974789916,57.27499487599918
511.1484593837535,57.26597663455626
511.37254901960785,57.256958393113344
511.5966386554622,57.24794015167043
511.8207282913165,57.2389219102275
512.0448179271709,57.22990366878459
512.2689075630252,57.22088542734167
512.4929971988796,57.21186718589875
512.7170868347339,57.20284894445583
512.9411764705883,57.19383070301291
513.1652661064426,57.18481246156999
513.389355742297,57.175794220127074
513.6134453781513,57.16677597868416
513.8375350140057,57.15775773724123
514.0616246498599,57.14873949579832
514.2857142857143,57.1397212543554
514.5098039215686,57.130703012912484
514.733893557423,57.12168477146956
514.9579831932773,57.112666530026644
515.1820728291317,57.10364828858373
515.406162464986,57.09463004714081
515.6302521008404,57.08561180569789
515.8543417366947,57.07659356425497
516.0784313725491,57.06757532281205
516.3025210084033,57.05855708136913
516.5266106442577,57.049538839926214
516.750700280112,57.0405205984833
516.9747899159664,57.031502357040374
517.1988795518207,57.02248411559746
517.4229691876751,57.01346587415454
517.6470588235294,57.004447632711624
517.8711484593838,56.9954293912687
518.0952380952381,56.986411149825784
518.3193277310925,56.97739290838286
518.5434173669468,56.968374666939944
518.7675070028012,56.95935642549703
518.9915966386554,56.95033818405411
519.2156862745098,56.94131994261119
519.4397759103641,56.93230170116827
519.6638655462185,56.923283459725354
519.8879551820728,56.91426521828244
520.1120448179272,56.905246976839514
520.3361344537815,56.8962287353966
520.5602240896359,56.887210493953674
520.7843137254902,56.87819225251076
521.0084033613446,56.86917401106784
521.2324929971988,56.860155769624924
521.4565826330532,56.851137528182
521.6806722689075,56.842119286739084
521.9047619047619,56.83310104529617
522.1288515406162,56.82408280385325
522.3529411764706,56.81506456241033
522.577030812325,56.80604632096741
522.8011204481793,56.797028079524495
523.0252100840337,56.78800983808157
523.249299719888,56.778991596638654
523.4733893557424,56.76997335519573
523.6974789915967,56.760955113752814
523.921568627451,56.7519368723099
524.1456582633053,56.74291863086698
524.3697478991597,56.73390038942406
524.593837535014,56.72488214798114
524.8179271708684,56.715863906538225
525.0420168067227,56.70684566509531
525.2661064425771,56.697827423652384
525.4901960784314,56.68880918220947
525.7142857142858,56.679790940766544
525.9383753501401,56.67077269932363
526.1624649859945,56.66175445788071
526.3865546218487,56.652736216437795
526.6106442577031,56.64371797499487
526.8347338935574,56.634699733551955
527.0588235294118,56.62568149210904
527.2829131652661,56.61666325066612
527.5070028011205,56.6076450092232
527.7310924369748,56.59862676778028
527.9551820728292,56.58960852633736
528.1792717086835,56.58059028489444
528.4033613445379,56.571572043451525
528.6274509803922,56.56255380200861
528.8515406162466,56.553535560565685
529.0756302521008,56.54451731912277
529.2997198879552,56.53549907767985
529.5238095238095,56.526480836236935
529.7478991596639,56.51746259479401
529.9719887955182,56.508444353351095
530.1960784313726,56.49942611190818
530.4201680672269,56.49040787046526
530.6442577030813,56.48138962902234
530.8683473389356,56.47237138757942
531.09243697479,56.4633531461365
531.3165266106442,56.45433490469358
531.5406162464986,56.445316663250665
531.7647058823529,56.43629842180775
531.9887955182073,56.427280180364825
532.2128851540616,56.41826193892191
532.436974789916,56.40924369747899
532.6610644257703,56.400225456036075
532.8851540616247,56.39120721459315
533.109243697479,56.382188973150235
533.3333333333334,56.37317073170731
533.5574229691877,56.364152490264395
533.781512605042,56.35513424882148
534.0056022408963,56.34611600737856
534.2296918767507,56.33709776593564
534.453781512605,56.32807952449272
534.6778711484594,56.319061283049805
534.9019607843137,56.31004304160689
535.1260504201681,56.301024800163965
535.3501400560224,56.29200655872105
535.5742296918768,56.282988317278125
535.7983193277311,56.27397007583521
536.0224089635855,56.26495183439229
536.2464985994397,56.255933592949376
536.4705882352941,56.24691535150645
536.6946778711484,56.237897110063535
536.9187675070028,56.22887886862062
537.1428571428571,56.2198606271777
537.3669467787115,56.21084238573478
537.5910364145658,56.20182414429186
537.8151260504202,56.192805902848946
538.0392156862745,56.18378766140603
538.2633053221289,56.174769419963106
538.4873949579833,56.16575117852018
538.7114845938376,56.156732937077265
538.935574229692,56.14771469563435
539.1596638655462,56.13869645419143
539.3837535014006,56.12967821274851
539.6078431372549,56.12065997130559
539.8319327731093,56.11164172986267
540.0560224089636,56.10262348841976
540.280112044818,56.093605246976836
540.5042016806723,56.08458700553392
540.7282913165267,56.075568764090995
540.952380952381,56.06655052264808
541.1764705882354,56.05753228120516
541.4005602240896,56.048514039762246
541.624649859944,56.03949579831932
541.8487394957983,56.030477556876406
542.0728291316527,56.02145931543349
542.296918767507,56.01244107399057
542.5210084033614,56.00342283254765
542.7450980392157,55.99440459110473
542.9691876750701,55.98538634966181
543.1932773109244,55.97636810821889
543.4173669467788,55.967349866775976
543.641456582633,55.95833162533306
543.8655462184875,55.949313383890136
544.0896358543417,55.94029514244722
544.3137254901961,55.9312769010043
544.5378151260504,55.922258659561386
544.7619047619048,55.91324041811846
544.9859943977591,55.904222176675546
545.2100840336135,55.89520393523262
545.4341736694678,55.88618569378971
545.6582633053222,55.87716745234679
545.8823529411765,55.86814921090387
546.1064425770309,55.85913096946095
546.3305322128851,55.85011272801803
546.5546218487395,55.841094486575116
546.7787114845938,55.8320762451322
547.0028011204482,55.823058003689276
547.2268907563025,55.81403976224636
547.4509803921569,55.805021520803436
547.6750700280112,55.79600327936053
547.8991596638656,55.7869850379176
548.1232492997199,55.777966796474686
548.3473389355743,55.76894855503176
548.5714285714286,55.759930313588846
548.795518207283,55.75091207214593
549.0196078431372,55.74189383070301
549.2436974789916,55.73287558926009
549.4677871148459,55.72385734781717
549.6918767507003,55.71483910637426
549.9159663865546,55.70582086493134
550.140056022409,55.696802623488416
550.3641456582633,55.6877843820455
550.5882352941177,55.678766140602576
550.812324929972,55.66974789915966
551.0364145658264,55.66072965771674
551.2605042016806,55.65171141627383
551.484593837535,55.6426931748309
551.7086834733893,55.63367493338799
551.9327731092437,55.62465669194507
552.156862745098,55.61563845050215
552.3809523809524,55.60662020905923
552.6050420168067,55.59760196761631
552.8291316526611,55.58858372617339
553.0532212885154,55.57956548473048
553.2773109243698,55.57054724328756
553.501400560224,55.56152900184464
553.7254901960785,55.55251076040172
553.9495798319329,55.5434925189588
554.1736694677871,55.53447427751588
554.3977591036415,55.52545603607296
554.6218487394958,55.51643779463004
554.8459383753502,55.50741955318712
555.0700280112045,55.4984013117442
555.2941176470589,55.48938307030129
555.5182072829132,55.48036482885837
555.7422969187676,55.47134658741545
555.9663865546219,55.46232834597253
556.1904761904763,55.45331010452961
556.4145658263305,55.4442918630867
556.6386554621849,55.43527362164377
556.8627450980392,55.42625538020086
557.0868347338936,55.41723713875794
557.3109243697479,55.408218897315024
557.5350140056023,55.3992006558721
557.7591036414566,55.390182414429184
557.983193277311,55.38116417298626
558.2072829131653,55.37214593154334
558.4313725490197,55.36312769010043
558.655462184874,55.35410944865751
558.8795518207284,55.34509120721459
559.1036414565826,55.33607296577167
559.327731092437,55.327054724328754
559.5518207282913,55.31803648288584
559.7759103641457,55.309018241442914
560.0,55.3
